result,log10_e,nu,friction_coefficient,objective_mm,loaded_rmse_mm,residual_footprint_rmse_mm,volume_term,peak_term,centroid_term,multi_loss
outputs/validity_experiment/newton_bayesopt/broad_best_replay_20260921/study_1790005302_20260914/trials/iteration_000/result.json,4.847943757107725,0.23723150746162086,0.30549798022693525,8.815056877210736,2.6410750579088926,12.347963638603687,1.8968422594989534,0.11951742344535887,0.11748398929828227,9.348517795271384
outputs/validity_experiment/newton_bayesopt/broad_continuation_20260920/study_1789880639_20260914/trials/iteration_006/result.json,4.847943757107725,0.23723150746162086,0.30549798022693525,8.823241107165813,2.6433137245476246,12.359854765236378,1.89869566627749,0.11922703706659377,0.11782003992444423,9.357176792982946
outputs/validity_experiment/newton_bayesopt/broad_continuation_20260920/study_1789880639_20260914/trials/iteration_005/result.json,4.922424581987678,0.11876336056278983,0.3158558605930027,9.722731309011579,2.9072624165564775,13.630937784910202,2.0648793544096407,0.48110351199284196,0.0759545754705876,10.378215669479847
outputs/validity_experiment/newton_bayesopt/broad_continuation_20260920/study_1789880639_20260914/trials/iteration_001/result.json,4.950190577974037,0.11166963157985409,0.31640082832595695,9.72143979743123,2.9102498665452003,13.62237986177206,2.0678781043970957,0.48823802499100566,0.13123776383456198,10.393278270736896
outputs/validity_experiment/newton_bayesopt/broad_continuation_20260920/study_1789880639_20260914/trials/iteration_007/result.json,4.812478451552972,0.20006731884346984,0.3264500572069753,9.925463935360312,2.9561573173850775,13.93861323595047,2.0973586450054427,0.4849339078646153,0.03996218272538996,10.581027619259174
outputs/validity_experiment/newton_bayesopt/broad_continuation_20260920/study_1789880639_20260914/trials/iteration_002/result.json,4.883009533645173,0.10808598076394245,0.3291139338563873,9.957326110452414,2.9723141342401505,13.970023952424526,2.0980680029751966,0.47602978884242475,0.06121680736492717,10.616154760248051
outputs/validity_experiment/newton_bayesopt/broad_continuation_20260920/study_1789880639_20260914/trials/iteration_000/result.json,5.0398317423594765,0.13932933536782321,0.35135738322715965,10.313426842913032,3.102286020293832,14.4222816452384,2.192519925898523,0.00458874274045229,0.16763574687448227,10.904612946791396
outputs/validity_experiment/newton_bayesopt/lower_bound_extension_20260917/study_1789758082_20260914/trials/iteration_000/result.json,5.028538184311769,0.10707653021073381,0.3515520618352134,10.332127567380667,3.1043230555951595,14.455609023571014,2.2352586915221764,0.017848669085651636,0.0900027062070482,10.917905084084385
outputs/validity_experiment/newton_bayesopt/refinement_20260915/study_1789522632_20260914/trials/iteration_001/result.json,5.091628232239355,0.1546722693888221,0.4110996506173198,10.780705604702234,3.257453441619873,15.046504326164722,2.414585267288203,0.9878133540041745,0.08410195766381975,11.652330749441283
outputs/validity_experiment/newton_bayesopt/refinement_best_replay_20260916/study_1789616331_20260914/trials/iteration_000/result.json,5.091628232239355,0.1546722693888221,0.4110996506173198,10.781217366456985,3.2573635689914227,15.047707594931126,2.4152107935296954,0.9874454815872014,0.08672783392457414,11.653563393717354
outputs/validity_experiment/newton_bayesopt/refinement_20260915/study_1789522632_20260914/trials/iteration_000/result.json,5.066853142610897,0.16050461096341698,0.42947187150329386,10.856311535462737,3.276052186265588,15.160518698394299,2.4249561214019195,1.0077332437504083,0.08508279647477954,11.735754575869514
outputs/validity_experiment/newton_bayesopt/refinement_20260915/study_1789522632_20260914/trials/iteration_003/result.json,4.845591830224836,0.29766633984756086,0.4296646924133953,11.074942769482732,3.3258285839110613,15.498228371143341,2.506120600643044,0.9933088935213163,0.24583887087612172,12.011259860742852
outputs/validity_experiment/newton_bayesopt/refinement_20260915/study_1789522632_20260914/trials/iteration_002/result.json,4.883009533645173,0.15606448557295682,0.42426161154698944,11.16289640776813,3.343825927004218,15.638140961527824,2.52645635502995,1.0624366637784988,0.05605003462072693,12.074132171125424
outputs/validity_experiment/newton_bayesopt/initial_multi_20260915/study_1789448115_20260914/trials/iteration_003/result.json,5.067268454086693,0.19547627353670838,0.44092398038075614,11.610401095822453,3.50245856679976,16.215885058045387,2.6544856455584522,1.8644622701685876,0.03560657443561212,12.749039718363116
outputs/validity_experiment/newton_bayesopt/best_replay_20260915/study_1789512560_20260914/trials/iteration_000/result.json,5.067268454086693,0.19547627353670838,0.44092398038075614,11.610819958150387,3.5025542601943016,16.21653139591217,2.654555567452917,1.864410232519731,0.03418516787524419,12.74910770011236
outputs/validity_experiment/newton_bayesopt/lower_bound_extension_20260917/study_1789758082_20260914/trials/iteration_002/result.json,5.070657053297996,0.10185963894599209,0.5102668416310887,11.93839288316667,3.6077031400054693,16.661379486322403,2.7356055561831454,1.9243756891228259,0.029446670885591268,13.110749862214561
outputs/validity_experiment/newton_bayesopt/initial_multi_20260915/study_1789448115_20260914/trials/iteration_002/result.json,5.066854175256845,0.19998674948143633,0.5181243971986889,12.084366520866752,3.653020365163684,16.862692311406136,2.7704963482756284,1.945699262432754,0.0341060963576564,13.27194194763326
outputs/validity_experiment/newton_bayesopt/initial_smoke_20260914/study_1789429279_20260914/trials/iteration_000/result.json,5.0,0.2,0.68,12.697747675701976,3.8501571398228407,17.69518107175827,2.9205061307075084,2.0331440086010844,0.006694322346664656,13.93783379111579
outputs/validity_experiment/newton_bayesopt/broad_continuation_20260920/study_1789880639_20260914/trials/iteration_004/result.json,4.8280902964678285,0.11124824393915765,0.8371861624184647,12.772426474839449,3.8605225272476673,17.823807895183563,2.9281708939161035,2.032895036973059,0.005886520629893836,14.014164587719213
outputs/validity_experiment/newton_bayesopt/initial_multi_20260915/study_1789448115_20260914/trials/iteration_000/result.json,4.883067336552687,0.21888113238049212,0.78132610765755,12.90912413969636,3.909918013960123,17.998412251472473,2.9663217215274926,2.0581237113219686,0.005644835782826868,14.166646706854431
outputs/validity_experiment/newton_bayesopt/initial_multi_20260915/study_1789448115_20260914/trials/iteration_001/result.json,5.1682839467729,0.24515416999258804,0.6982581114415842,12.978862039744854,3.949403762817383,18.058916553854942,2.996679914656852,2.0843426886131056,0.006893931989391722,14.250841173559692
outputs/validity_experiment/newton_bayesopt/broad_continuation_20260920/study_1789880639_20260914/trials/iteration_003/result.json,5.1761850515283605,0.15688813450318018,0.8901841017838164,13.40807555243373,4.0830266661942005,18.650097772479057,3.0982972012789105,2.1325298002921045,0.05300906887660286,14.729034570045634
