metric,value,units
backend,newton,
newton_version,1.5.1,
warp_version,1.17.0,
particle_count,307461,count
particle_spacing,0.005,m
voxel_size,0.015625,m
dt,0.0005,s
duration,2.0,s
wall_time,54.844845100073144,s
first_equilibrium,1.6165,s
final_speed_p50,0.00003093038685619831,m/s
final_speed_p95,0.00012946384958922863,m/s
final_speed_p99,0.00016785231127869338,m/s
valid_cells,14161,count
valid_fraction,1.0,fraction
settled_h0_rmse,0.0011856664204970002,m
settled_h0_max_abs,0.0012877790722995996,m
accepted,1,boolean
