episode_id,loaded_max_depression_mm_pred,loaded_max_depression_mm_error,residual_max_depression_mm_pred,residual_max_depression_mm_error,loaded_mean_depression_mm_pred,loaded_mean_depression_mm_error,residual_mean_depression_mm_pred,residual_mean_depression_mm_error,loaded_footprint_max_depression_mm_pred,loaded_footprint_max_depression_mm_error,residual_footprint_max_depression_mm_pred,residual_footprint_max_depression_mm_error,loaded_footprint_mean_depression_mm_pred,loaded_footprint_mean_depression_mm_error,residual_footprint_mean_depression_mm_pred,residual_footprint_mean_depression_mm_error,loaded_depression_volume_cm3_pred,loaded_depression_volume_cm3_error,residual_depression_volume_cm3_pred,residual_depression_volume_cm3_error,loaded_depression_centroid_x_mm_pred,loaded_depression_centroid_x_mm_error,residual_depression_centroid_x_mm_pred,residual_depression_centroid_x_mm_error,loaded_depression_centroid_y_mm_pred,loaded_depression_centroid_y_mm_error,residual_depression_centroid_y_mm_pred,residual_depression_centroid_y_mm_error
A0_oracle_guided_offset_5mm_gate6mm_v1,14.38631676441397,-7.783245292246683,14.38631676441397,-7.783245292246683,0.5228572975990046,-0.4168861830078723,0.5228572975990046,-0.4168861830078723,14.38631676441397,-7.783245292246683,14.38631676441397,-7.783245292246683,10.79222530944501,-8.215793836681138,10.79222530944501,-8.215793836681138,181.22921401294204,-138.58070812063036,181.22921401294204,-138.58070812063036,-0.23208626759475054,-0.20726561436733343,-0.23208626759475054,-0.20726561436733343,4.987493356381083,0.02437022039103809,4.987493356381083,0.02437022039103809
A1_oracle_mass3kg_guided_offset_5mm_gate6mm_v1,35.08825443410882,6.234325763821687,35.08825443410882,6.234325763821687,1.6385221929822844,0.3602787331359081,1.6385221929822844,0.3602787331359081,35.08825443410882,6.234325763821687,35.08825443410882,6.234325763821687,32.813473763535626,7.173611836235686,32.813473763535626,7.173611836235686,552.6180915209982,121.22741459417665,552.6180915209982,121.22741459417665,0.4809594325317721,0.48200634193141356,0.4809594325317721,0.48200634193141356,5.0935033694466,0.02451881064809225,5.093503369446601,0.024518810648094025
A2_oracle_mass2kg_guided_offset_5mm_gate6mm_v1,19.92660146728684,-3.570072906459078,19.92660146728684,-3.570072906459078,0.8124729065149274,-0.200405046105256,0.8124729065149274,-0.200405046105256,19.92660146728684,-3.570072906459078,19.92660146728684,-3.570072906459078,16.49183698393654,-3.927682630729759,16.49183698393654,-3.927682630729759,277.27504362745367,-66.28337388930686,277.27504362745367,-66.28337388930686,-0.139223490899036,-0.17577943861077439,-0.139223490899036,-0.17577943861077439,5.012694733971858,0.005116762357650906,5.012694733971858,0.005116762357650906
A3_oracle_mass1p75kg_guided_offset_5mm_gate6mm_v1,17.82855493545808,-2.802002154585942,17.82855493545808,-2.802002154585942,0.7044407643501479,-0.14921549122910738,0.7044407643501479,-0.14921549122910738,17.82855493545808,-2.802002154585942,17.82855493545808,-2.802002154585942,14.346247869877113,-3.07934555337731,14.346247869877113,-3.07934555337731,241.1152442897302,-52.070365056525446,241.1152442897302,-52.070365056525446,-0.17253562021495839,-0.15181693320819206,-0.17253562021495839,-0.15181693320819206,4.994835353300191,-0.017452882674390047,4.994835353300191,-0.017452882674390047
A4_oracle_mass1p625kg_guided_offset_5mm_gate6mm_v1,16.32625231061279,-4.775580079218752,16.32625231061279,-4.775580079218752,0.6239657070208824,-0.26410043937008154,0.6239657070208824,-0.26410043937008154,16.32625231061279,-4.775580079218752,16.32625231061279,-4.775580079218752,12.775238395430076,-5.2468213110898425,12.775238395430076,-5.2468213110898425,214.64346363627615,-88.57769092592147,214.64346363627615,-88.57769092592147,-0.192599753479688,-0.13581476449731392,-0.192599753479688,-0.13581476449731392,4.993372655099328,0.021746434407216242,4.993372655099327,0.021746434407215354
A5_oracle_mass1p625kg_lateral_x50mm_gate6mm_v1,30.234347356353474,20.316622478757573,30.234347356353474,20.316622478757573,1.3810504513776283,1.117260444090193,1.3810504513776283,1.117260444090193,30.234347356353474,20.316622478757573,30.234347356353474,20.316622478757573,27.880477471790797,22.32991240017509,27.880477471790797,22.32991240017509,468.1735832748595,374.7853259449252,468.1735832748595,374.7853259449252,50.153197147201595,0.8390548144704226,50.153197147201595,0.8390548144704226,-0.052346933812236734,-0.0523469338122516,-0.05234693381222822,-0.052346933812243084
A6_oracle_mass1p625kg_lateral_xminus50mm_gate6mm_v1,31.03810934521036,20.316489172948167,31.03810934521036,20.316489172948167,1.4414839606158623,1.117250421051065,1.4414839606158623,1.117250421051065,31.03810934521036,20.316489172948167,31.03810934521036,20.316489172948167,29.15209548712902,22.32970149934731,29.15209548712902,22.32970149934731,489.5685563829252,374.78177753849786,489.5685563829252,374.78177753849786,-49.34429815040225,0.8555567072298658,-49.34429815040225,0.8555567072298658,-0.05234693381223353,-0.05234693381224864,-0.052346933812225015,-0.05234693381224013
A7_oracle_mass1p625kg_radius55mm_gate6mm,0.1407473735441766,-8.746795038140814,0.1407473735441766,-8.746795038140814,-0.2389304142831737,-0.4319271059731304,-0.2389304142831737,-0.4319271059731304,0.1407473735441766,-8.746795038140814,0.1407473735441766,-8.746795038140814,-1.087924230835708,-8.131529113126438,-1.087924230835708,-8.131529113126438,-77.92664610839657,-144.3126221239867,-77.92664610839657,-144.3126221239867,0.17564872924512964,0.19484724545591006,0.17564872924512964,0.19484724545591006,4.951290370370955,-0.05318434408243622,4.951290370370955,-0.05318434408243622
A8_oracle_mass1p625kg_radius65mm_gate6mm,13.605250593322438,3.8953289278327645,13.605250593322438,3.8953289278327645,0.4638082957628933,0.19236160791164675,0.4638082957628933,0.19236160791164675,13.605250593322438,3.8953289278327645,13.605250593322438,3.8953289278327645,10.845078489439793,3.621236983281497,10.845078489439793,3.621236983281497,159.2644591138385,64.27094330785691,159.2644591138385,64.27094330785691,-0.10682359187566888,-0.08677136064289578,-0.10682359187566888,-0.08677136064289578,4.997347352203794,0.023679960431522318,4.997347352203794,0.023679960431522318
A9_oracle_mass1p625kg_lateral_yplus50mm_gate6mm,113.73548051555369,91.41868008513663,113.73548051555369,91.41868008513663,5.979865145473051,5.027329894487266,5.979865145473051,5.027329894487266,113.73548051555369,91.41868008513663,113.73548051555369,91.41868008513663,119.71663894092545,100.4777949030724,119.71663894092545,100.4777949030724,2010.1129373950725,1686.4193864581948,2010.1129373950725,1686.4193864581948,3.765190817929028,3.812681552191043,3.7651908179290285,3.8126815521910435,49.788098125425975,-0.2586345562824235,49.788098125425975,-0.2586345562824235
