radius_lower_m,radius_upper_m,radius_center_m,count,chrono_response_mm_mean,chrono_response_mm_rmse,chrono_response_mm_p05,chrono_response_mm_median,chrono_response_mm_p95,genesis_response_mm_mean,genesis_response_mm_rmse,genesis_response_mm_p05,genesis_response_mm_median,genesis_response_mm_p95,error_mm_mean,error_mm_rmse,error_mm_p05,error_mm_median,error_mm_p95,phase,inside_action_radius
0.0,0.005,0.0025,1,-18.486907958984375,18.486907958984375,-18.486907958984375,-18.486907958984375,-18.486907958984375,-14.722626686096191,14.722626686096191,-14.722626686096191,-14.722626686096191,-14.722626686096191,3.7642812728881836,3.7642812728881836,3.7642812728881836,3.7642812728881836,3.7642812728881836,loaded,True
0.005,0.01,0.0075,8,-20.34476089477539,20.34649085998535,-20.773767471313477,-20.35547637939453,-20.039724349975586,-14.724527359008789,14.724526405334473,-14.726670265197754,-14.724559783935547,-14.722230911254883,5.62023401260376,5.626506805419922,5.315027713775635,5.631368160247803,6.049490451812744,loaded,True
0.01,0.015,0.0125,17,-20.62925148010254,20.632591247558594,-21.209257125854492,-20.658733367919922,-20.112751007080078,-14.728777885437012,14.728777885437012,-14.73431396484375,-14.729758262634277,-14.720409393310547,5.900473594665527,5.912121295928955,5.384932041168213,5.931783676147461,6.47855806350708,loaded,True
0.015,0.02,0.0175,21,-20.790918350219727,20.792163848876953,-21.101192474365234,-20.751243591308594,-20.50737953186035,-14.731609344482422,14.731612205505371,-14.738978385925293,-14.735501289367676,-14.71523666381836,6.0593085289001465,6.063531398773193,5.786109924316406,6.021895408630371,6.3759660720825195,loaded,True
0.02,0.025,0.0225,29,-21.613826751708984,21.617902755737305,-22.006834030151367,-21.862064361572266,-20.861021041870117,-14.72911262512207,14.729118347167969,-14.742866516113281,-14.734474182128906,-14.704565048217773,6.8847150802612305,6.8973917961120605,6.14024543762207,7.1356000900268555,7.270053863525391,loaded,True
0.025,0.03,0.0275,35,-21.547103881835938,21.54801368713379,-21.82082748413086,-21.573152542114258,-21.134675979614258,-14.71234130859375,14.712363243103027,-14.743807792663574,-14.721735954284668,-14.667967796325684,6.8347601890563965,6.837516784667969,6.458083629608154,6.8524370193481445,7.130181789398193,loaded,True
0.03,0.035,0.0325,36,-21.15770721435547,21.160276412963867,-21.621501922607422,-21.0623836517334,-20.648326873779297,-14.660378456115723,14.660430908203125,-14.712505340576172,-14.662148475646973,-14.597286224365234,6.497328281402588,6.505547523498535,6.010770797729492,6.382865905761719,7.000532627105713,loaded,True
0.035,0.04,0.037500000000000006,48,-20.777502059936523,20.78075408935547,-21.237468719482422,-20.776615142822266,-20.30004119873047,-16.41376495361328,16.948877334594727,-25.345277786254883,-14.57693862915039,-14.411242485046387,4.363736629486084,6.081583023071289,-4.541465759277344,6.081018924713135,6.68791389465332,loaded,True
0.04,0.045,0.042499999999999996,56,-20.35798454284668,20.36200714111328,-21.02165412902832,-20.353046417236328,-19.727996826171875,-21.001689910888672,21.877609252929688,-29.242454528808594,-17.6129207611084,-14.259017944335938,-0.6437050104141235,6.116905212402344,-9.091740608215332,2.158609390258789,6.185486793518066,loaded,True
0.045,0.05,0.0475,60,-19.825681686401367,19.829126358032227,-20.353328704833984,-19.79762077331543,-19.33300018310547,-16.308870315551758,16.963623046875,-28.4365177154541,-14.216793060302734,-13.673784255981445,3.516813039779663,5.834410667419434,-8.390667915344238,5.60475492477417,6.350574493408203,loaded,True
0.05,0.055,0.052500000000000005,65,-19.23194694519043,19.235210418701172,-19.763696670532227,-19.22875213623047,-18.661697387695312,-15.252029418945312,15.816596031188965,-24.364734649658203,-13.498244285583496,-12.277071952819824,3.9799184799194336,5.780059337615967,-4.994555473327637,5.851752281188965,6.830473899841309,loaded,True
0.055,0.06,0.057499999999999996,62,-18.633657455444336,18.637004852294922,-19.074420928955078,-18.614105224609375,-18.092660903930664,-13.130911827087402,13.711238861083984,-23.12721824645996,-11.701380729675293,-10.255685806274414,5.502741813659668,6.814494609832764,-4.752297878265381,6.940670967102051,8.325776100158691,loaded,True
0.06,0.065,0.0625,84,-17.848281860351562,17.85298728942871,-18.472049713134766,-17.849815368652344,-17.227380752563477,-10.190736770629883,10.8471097946167,-21.912063598632812,-8.897255897521973,-7.342345714569092,7.657544136047363,8.509203910827637,-4.281072616577148,8.815694808959961,10.248783111572266,loaded,True
0.065,0.07,0.0675,89,-16.900348663330078,16.90625,-17.576702117919922,-16.89377212524414,-16.109275817871094,-6.681057929992676,7.351394176483154,-14.011691093444824,-6.0151591300964355,-4.290184497833252,10.219291687011719,10.645369529724121,3.1790735721588135,10.907515525817871,12.015155792236328,loaded,True
0.07,0.075,0.07250000000000001,91,-13.755462646484375,14.07291316986084,-16.35042953491211,-14.7346830368042,-10.86707878112793,-4.411816596984863,5.191557884216309,-13.253783226013184,-3.687026023864746,-2.5663650035858154,9.343645095825195,10.039871215820312,0.29082775115966797,10.611993789672852,12.454544067382812,loaded,True
0.075,0.08,0.0775,93,-2.2486422061920166,4.762887477874756,-10.803772926330566,0.0,0.0,-2.2061502933502197,2.3519740104675293,-2.965743064880371,-2.077181816101074,-1.4468960762023926,0.042492084205150604,4.143644332885742,-2.628298759460449,-1.8965436220169067,8.411248207092285,loaded,False
0.08,0.085,0.0825,99,0.0,0.0,0.0,0.0,0.0,-1.341845989227295,1.8906185626983643,-6.34382963180542,-1.0129621028900146,-0.4812503159046173,-1.341845989227295,1.8906185626983643,-6.34382963180542,-1.0129621028900146,-0.4812503159046173,loaded,False
0.085,0.09,0.0875,111,0.0,0.0,0.0,0.0,0.0,-0.24339589476585388,0.37387600541114807,-0.7573453783988953,-0.27165091037750244,0.19688057899475098,-0.24339589476585388,0.37387600541114807,-0.7573453783988953,-0.27165091037750244,0.19688057899475098,loaded,False
0.09,0.095,0.0925,121,0.0,0.0,0.0,0.0,0.0,0.3888653516769409,0.43999993801116943,0.09365396946668625,0.3916988670825958,0.7271252274513245,0.3888653516769409,0.43999993801116943,0.09365396946668625,0.3916988670825958,0.7271252274513245,loaded,False
0.095,0.1,0.0975,125,0.0,0.0,0.0,0.0,0.0,0.825851321220398,0.8439226746559143,0.5572748184204102,0.8070936799049377,1.0814180374145508,0.825851321220398,0.8439226746559143,0.5572748184204102,0.8070936799049377,1.0814180374145508,loaded,False
0.1,0.105,0.10250000000000001,120,0.0,0.0,0.0,0.0,0.0,1.0489165782928467,1.0581248998641968,0.8268473744392395,1.0765013694763184,1.2754039764404297,1.0489165782928467,1.0581248998641968,0.8268473744392395,1.0765013694763184,1.2754039764404297,loaded,False
0.105,0.11,0.1075,144,0.0,0.0,0.0,0.0,0.0,1.169175148010254,1.1725176572799683,1.0301285982131958,1.1791069507598877,1.343019723892212,1.169175148010254,1.1725176572799683,1.0301285982131958,1.1791069507598877,1.343019723892212,loaded,False
0.11,0.115,0.1125,137,0.0,0.0,0.0,0.0,0.0,1.188463807106018,1.19062340259552,1.041054129600525,1.191978096961975,1.3167741298675537,1.188463807106018,1.19062340259552,1.041054129600525,1.191978096961975,1.3167741298675537,loaded,False
0.115,0.12,0.1175,137,0.0,0.0,0.0,0.0,0.0,1.1543607711791992,1.1555062532424927,1.0325627326965332,1.1661348342895508,1.2249274253845215,1.1543607711791992,1.1555062532424927,1.0325627326965332,1.1661348342895508,1.2249274253845215,loaded,False
0.12,0.125,0.1225,161,0.0,0.0,0.0,0.0,0.0,1.0986498594284058,1.0994737148284912,1.0041559934616089,1.1067527532577515,1.1457998752593994,1.0986498594284058,1.0994737148284912,1.0041559934616089,1.1067527532577515,1.1457998752593994,loaded,False
0.125,0.13,0.1275,163,0.0,0.0,0.0,0.0,0.0,1.0255327224731445,1.0262885093688965,0.9512921571731567,1.0310066938400269,1.0761384963989258,1.0255327224731445,1.0262885093688965,0.9512921571731567,1.0310066938400269,1.0761384963989258,loaded,False
0.13,0.135,0.1325,174,0.0,0.0,0.0,0.0,0.0,0.94789719581604,0.9485791325569153,0.8860582709312439,0.9501683712005615,1.0011448860168457,0.94789719581604,0.9485791325569153,0.8860582709312439,0.9501683712005615,1.0011448860168457,loaded,False
0.135,0.14,0.1375,164,0.0,0.0,0.0,0.0,0.0,0.8697419762611389,0.8703216314315796,0.8147640228271484,0.8712533712387085,0.916260302066803,0.8697419762611389,0.8703216314315796,0.8147640228271484,0.8712533712387085,0.916260302066803,loaded,False
0.14,0.145,0.14250000000000002,168,0.0,0.0,0.0,0.0,0.0,0.7973372936248779,0.797860860824585,0.7498887181282043,0.7986318469047546,0.8410613536834717,0.7973372936248779,0.797860860824585,0.7498887181282043,0.7986318469047546,0.8410613536834717,loaded,False
0.145,0.15,0.1475,190,0.0,0.0,0.0,0.0,0.0,0.7296540141105652,0.7301939725875854,0.6836490035057068,0.7276980876922607,0.779069721698761,0.7296540141105652,0.7301939725875854,0.6836490035057068,0.7276980876922607,0.779069721698761,loaded,False
0.15,0.155,0.1525,188,0.0,0.0,0.0,0.0,0.0,0.6666964888572693,0.6671410799026489,0.6277207136154175,0.6674379110336304,0.7089754939079285,0.6666964888572693,0.6671410799026489,0.6277207136154175,0.6674379110336304,0.7089754939079285,loaded,False
0.155,0.16,0.1575,209,0.0,0.0,0.0,0.0,0.0,0.6139997243881226,0.6144296526908875,0.5774697065353394,0.6150572299957275,0.6538403630256653,0.6139997243881226,0.6144296526908875,0.5774697065353394,0.6150572299957275,0.6538403630256653,loaded,False
0.16,0.165,0.1625,201,0.0,0.0,0.0,0.0,0.0,0.5698752999305725,0.5703093409538269,0.5349423289299011,0.5690723061561584,0.6043992638587952,0.5698752999305725,0.5703093409538269,0.5349423289299011,0.5690723061561584,0.6043992638587952,loaded,False
0.165,0.17,0.1675,210,0.0,0.0,0.0,0.0,0.0,0.5406372547149658,0.5410951972007751,0.5077810883522034,0.540505051612854,0.5739012956619263,0.5406372547149658,0.5410951972007751,0.5077810883522034,0.540505051612854,0.5739012956619263,loaded,False
0.17,0.17500000000000002,0.17250000000000001,231,0.0,0.0,0.0,0.0,0.0,0.5174570083618164,0.5179247856140137,0.4847079813480377,0.5189525485038757,0.549246609210968,0.5174570083618164,0.5179247856140137,0.4847079813480377,0.5189525485038757,0.549246609210968,loaded,False
0.17500000000000002,0.18,0.1775,201,0.0,0.0,0.0,0.0,0.0,0.4995693266391754,0.500115156173706,0.46817153692245483,0.5014252662658691,0.5323622226715088,0.4995693266391754,0.500115156173706,0.46817153692245483,0.5014252662658691,0.5323622226715088,loaded,False
0.18,0.185,0.1825,232,0.0,0.0,0.0,0.0,0.0,0.4910525679588318,0.49174973368644714,0.45357316732406616,0.49437516927719116,0.5237188339233398,0.4910525679588318,0.49174973368644714,0.45357316732406616,0.49437516927719116,0.5237188339233398,loaded,False
0.185,0.19,0.1875,228,0.0,0.0,0.0,0.0,0.0,0.47934529185295105,0.480171799659729,0.43993210792541504,0.48158058524131775,0.5156053900718689,0.47934529185295105,0.480171799659729,0.43993210792541504,0.48158058524131775,0.5156053900718689,loaded,False
0.19,0.195,0.1925,260,0.0,0.0,0.0,0.0,0.0,0.4747296869754791,0.4757653474807739,0.42690882086753845,0.4845834970474243,0.5116295218467712,0.4747296869754791,0.4757653474807739,0.42690882086753845,0.4845834970474243,0.5116295218467712,loaded,False
0.195,0.2,0.1975,247,0.0,0.0,0.0,0.0,0.0,0.46429309248924255,0.4656257629394531,0.411532998085022,0.46846678853034973,0.5074526071548462,0.46429309248924255,0.4656257629394531,0.411532998085022,0.46846678853034973,0.5074526071548462,loaded,False
0.2,0.20500000000000002,0.2025,237,0.0,0.0,0.0,0.0,0.0,0.4532703459262848,0.4549514353275299,0.3956957459449768,0.4527439475059509,0.5043395161628723,0.4532703459262848,0.4549514353275299,0.3956957459449768,0.4527439475059509,0.5043395161628723,loaded,False
0.20500000000000002,0.21,0.20750000000000002,268,0.0,0.0,0.0,0.0,0.0,0.4493885636329651,0.45152392983436584,0.38400134444236755,0.4540020823478699,0.502251148223877,0.4493885636329651,0.45152392983436584,0.38400134444236755,0.4540020823478699,0.502251148223877,loaded,False
0.21,0.215,0.2125,265,0.0,0.0,0.0,0.0,0.0,0.43724358081817627,0.4396459460258484,0.36796677112579346,0.44093772768974304,0.49724456667900085,0.43724358081817627,0.4396459460258484,0.36796677112579346,0.44093772768974304,0.49724456667900085,loaded,False
0.215,0.22,0.2175,289,0.0,0.0,0.0,0.0,0.0,0.4299675524234772,0.4329478144645691,0.3519444465637207,0.4339335560798645,0.4937865138053894,0.4299675524234772,0.4329478144645691,0.3519444465637207,0.4339335560798645,0.4937865138053894,loaded,False
0.22,0.225,0.2225,280,0.0,0.0,0.0,0.0,0.0,0.41649872064590454,0.41995200514793396,0.3321942090988159,0.41592538356781006,0.48802387714385986,0.41649872064590454,0.41995200514793396,0.3321942090988159,0.41592538356781006,0.48802387714385986,loaded,False
0.225,0.23,0.2275,268,0.0,0.0,0.0,0.0,0.0,0.4026336073875427,0.40687331557273865,0.3114253878593445,0.39674055576324463,0.4827927350997925,0.4026336073875427,0.40687331557273865,0.3114253878593445,0.39674055576324463,0.4827927350997925,loaded,False
0.23,0.23500000000000001,0.2325,296,0.0,0.0,0.0,0.0,0.0,0.39394280314445496,0.39886024594306946,0.2934061288833618,0.39763760566711426,0.47659429907798767,0.39394280314445496,0.39886024594306946,0.2934061288833618,0.39763760566711426,0.47659429907798767,loaded,False
0.23500000000000001,0.24,0.2375,290,0.0,0.0,0.0,0.0,0.0,0.37603747844696045,0.38141775131225586,0.2746764123439789,0.378995418548584,0.46674644947052,0.37603747844696045,0.38141775131225586,0.2746764123439789,0.378995418548584,0.46674644947052,loaded,False
0.24,0.245,0.2425,312,0.0,0.0,0.0,0.0,0.0,0.3669535219669342,0.37341058254241943,0.2605356276035309,0.36710020899772644,0.45937278866767883,0.3669535219669342,0.37341058254241943,0.2605356276035309,0.36710020899772644,0.45937278866767883,loaded,False
0.245,0.25,0.2475,307,0.0,0.0,0.0,0.0,0.0,0.3454563617706299,0.35205334424972534,0.25102531909942627,0.34263792634010315,0.4466570317745209,0.3454563617706299,0.35205334424972534,0.25102531909942627,0.34263792634010315,0.4466570317745209,loaded,False
0.25,0.255,0.2525,333,0.0,0.0,0.0,0.0,0.0,0.3328935205936432,0.33981427550315857,0.24847933650016785,0.32533034682273865,0.43513059616088867,0.3328935205936432,0.33981427550315857,0.24847933650016785,0.32533034682273865,0.43513059616088867,loaded,False
0.255,0.26,0.2575,324,0.0,0.0,0.0,0.0,0.0,0.32152989506721497,0.3275145888328552,0.24564845860004425,0.31222885847091675,0.4203096926212311,0.32152989506721497,0.3275145888328552,0.24564845860004425,0.31222885847091675,0.4203096926212311,loaded,False
0.26,0.265,0.2625,314,0.0,0.0,0.0,0.0,0.0,0.30842211842536926,0.3132741153240204,0.24575833976268768,0.28680354356765747,0.4041989743709564,0.30842211842536926,0.3132741153240204,0.24575833976268768,0.28680354356765747,0.4041989743709564,loaded,False
0.265,0.27,0.2675,342,0.0,0.0,0.0,0.0,0.0,0.31014496088027954,0.3139837980270386,0.24840812385082245,0.2926384210586548,0.39277857542037964,0.31014496088027954,0.3139837980270386,0.24840812385082245,0.2926384210586548,0.39277857542037964,loaded,False
0.27,0.275,0.2725,328,0.0,0.0,0.0,0.0,0.0,0.3064759075641632,0.30920717120170593,0.2513846755027771,0.30145806074142456,0.3740040063858032,0.3064759075641632,0.30920717120170593,0.2513846755027771,0.30145806074142456,0.3740040063858032,loaded,False
0.275,0.28,0.2775,376,0.0,0.0,0.0,0.0,0.0,0.3193487226963043,0.32722726464271545,0.2498370110988617,0.30127227306365967,0.5305674076080322,0.3193487226963043,0.32722726464271545,0.2498370110988617,0.30127227306365967,0.5305674076080322,loaded,False
0.28,0.28500000000000003,0.28250000000000003,344,0.0,0.0,0.0,0.0,0.0,0.3689105808734894,0.4037202000617981,0.2461213618516922,0.3098669946193695,0.8539835810661316,0.3689105808734894,0.4037202000617981,0.2461213618516922,0.3098669946193695,0.8539835810661316,loaded,False
0.28500000000000003,0.29,0.2875,356,0.0,0.0,0.0,0.0,0.0,0.4538326561450958,0.5386384129524231,0.24026405811309814,0.30394721031188965,1.3002078533172607,0.4538326561450958,0.5386384129524231,0.24026405811309814,0.30394721031188965,1.3002078533172607,loaded,False
0.29,0.295,0.2925,364,0.0,0.0,0.0,0.0,0.0,0.5906057953834534,0.7475676536560059,0.23216679692268372,0.30529600381851196,1.6607855558395386,0.5906057953834534,0.7475676536560059,0.23216679692268372,0.30529600381851196,1.6607855558395386,loaded,False
0.295,0.3,0.2975,347,0.0,0.0,0.0,0.0,0.0,0.6629652380943298,0.8613079786300659,0.21445386111736298,0.2858772575855255,1.6875228881835938,0.6629652380943298,0.8613079786300659,0.21445386111736298,0.2858772575855255,1.6875228881835938,loaded,False
0.3,0.305,0.3025,319,0.0,0.0,0.0,0.0,0.0,0.5860565304756165,0.783125102519989,0.19642876088619232,0.26327475905418396,1.6152502298355103,0.5860565304756165,0.783125102519989,0.19642876088619232,0.26327475905418396,1.6152502298355103,loaded,False
0.305,0.31,0.3075,258,0.0,0.0,0.0,0.0,0.0,0.5441543459892273,0.7348352670669556,0.17316144704818726,0.23763135075569153,1.5687891244888306,0.5441543459892273,0.7348352670669556,0.17316144704818726,0.23763135075569153,1.5687891244888306,loaded,False
0.31,0.315,0.3125,238,0.0,0.0,0.0,0.0,0.0,0.48468735814094543,0.6723647117614746,0.15181057155132294,0.2109367549419403,1.511093020439148,0.48468735814094543,0.6723647117614746,0.15181057155132294,0.2109367549419403,1.511093020439148,loaded,False
0.315,0.32,0.3175,222,0.0,0.0,0.0,0.0,0.0,0.4546806514263153,0.6304590702056885,0.12748290598392487,0.190900057554245,1.451759934425354,0.4546806514263153,0.6304590702056885,0.12748290598392487,0.190900057554245,1.451759934425354,loaded,False
0.32,0.325,0.3225,195,0.0,0.0,0.0,0.0,0.0,0.44421470165252686,0.6274489164352417,0.1019846647977829,0.1853654384613037,1.4096373319625854,0.44421470165252686,0.6274489164352417,0.1019846647977829,0.1853654384613037,1.4096373319625854,loaded,False
0.325,0.33,0.3275,193,0.0,0.0,0.0,0.0,0.0,0.36859771609306335,0.5591327548027039,0.06950865685939789,0.13479730486869812,1.3646982908248901,0.36859771609306335,0.5591327548027039,0.06950865685939789,0.13479730486869812,1.3646982908248901,loaded,False
0.33,0.335,0.3325,164,0.0,0.0,0.0,0.0,0.0,0.3900304138660431,0.579338788986206,0.046846553683280945,0.1576007902622223,1.3307609558105469,0.3900304138660431,0.579338788986206,0.046846553683280945,0.1576007902622223,1.3307609558105469,loaded,False
0.335,0.34,0.3375,165,0.0,0.0,0.0,0.0,0.0,0.3593793213367462,0.5648874640464783,0.007733353413641453,0.10282546281814575,1.3001666069030762,0.3593793213367462,0.5648874640464783,0.007733353413641453,0.10282546281814575,1.3001666069030762,loaded,False
0.34,0.34500000000000003,0.3425,145,0.0,0.0,0.0,0.0,0.0,0.3445384204387665,0.5614511966705322,-0.01750003919005394,0.09949761629104614,1.2711689472198486,0.3445384204387665,0.5614511966705322,-0.01750003919005394,0.09949761629104614,1.2711689472198486,loaded,False
0.34500000000000003,0.35000000000000003,0.34750000000000003,132,0.0,0.0,0.0,0.0,0.0,0.37016990780830383,0.5733565092086792,-0.038713451474905014,0.13070401549339294,1.2362077236175537,0.37016990780830383,0.5733565092086792,-0.038713451474905014,0.13070401549339294,1.2362077236175537,loaded,False
0.35000000000000003,0.355,0.35250000000000004,130,0.0,0.0,0.0,0.0,0.0,0.23820431530475616,0.4767894744873047,-0.07480795681476593,6.327172741293907e-05,1.144870638847351,0.23820431530475616,0.4767894744873047,-0.07480795681476593,6.327172741293907e-05,1.144870638847351,loaded,False
0.355,0.36,0.3575,104,0.0,0.0,0.0,0.0,0.0,0.35109078884124756,0.5713611245155334,-0.09320944547653198,0.15295465290546417,1.1938867568969727,0.35109078884124756,0.5713611245155334,-0.09320944547653198,0.15295465290546417,1.1938867568969727,loaded,False
0.36,0.365,0.3625,110,0.0,0.0,0.0,0.0,0.0,0.24794940650463104,0.4925214350223541,-0.1108175590634346,-0.004589790478348732,1.1399176120758057,0.24794940650463104,0.4925214350223541,-0.1108175590634346,-0.004589790478348732,1.1399176120758057,loaded,False
0.365,0.37,0.3675,92,0.0,0.0,0.0,0.0,0.0,0.3026489317417145,0.5181524753570557,-0.1173202246427536,0.11863669753074646,1.0865689516067505,0.3026489317417145,0.5181524753570557,-0.1173202246427536,0.11863669753074646,1.0865689516067505,loaded,False
0.37,0.375,0.3725,82,0.0,0.0,0.0,0.0,0.0,0.2908393442630768,0.5188764929771423,-0.1272970587015152,0.0853525698184967,1.0198451280593872,0.2908393442630768,0.5188764929771423,-0.1272970587015152,0.0853525698184967,1.0198451280593872,loaded,False
0.375,0.38,0.3775,82,0.0,0.0,0.0,0.0,0.0,0.2899945080280304,0.4799412190914154,-0.12336981296539307,0.24028442800045013,0.9892960786819458,0.2899945080280304,0.4799412190914154,-0.12336981296539307,0.24028442800045013,0.9892960786819458,loaded,False
0.38,0.385,0.3825,52,0.0,0.0,0.0,0.0,0.0,0.38533836603164673,0.5590245127677917,-0.12219623476266861,0.2989363670349121,0.972685694694519,0.38533836603164673,0.5590245127677917,-0.12219623476266861,0.2989363670349121,0.972685694694519,loaded,False
0.385,0.39,0.3875,74,0.0,0.0,0.0,0.0,0.0,0.33009135723114014,0.4811484217643738,-0.1125454381108284,0.25547388195991516,0.8979920148849487,0.33009135723114014,0.4811484217643738,-0.1125454381108284,0.25547388195991516,0.8979920148849487,loaded,False
0.39,0.395,0.3925,34,0.0,0.0,0.0,0.0,0.0,0.4469659626483917,0.5568276643753052,-0.03789495304226875,0.537976086139679,0.9071525931358337,0.4469659626483917,0.5568276643753052,-0.03789495304226875,0.537976086139679,0.9071525931358337,loaded,False
0.395,0.4,0.3975,50,0.0,0.0,0.0,0.0,0.0,0.5225722789764404,0.5874119997024536,0.0229472778737545,0.585128664970398,0.8679375648498535,0.5225722789764404,0.5874119997024536,0.0229472778737545,0.585128664970398,0.8679375648498535,loaded,False
0.4,0.405,0.4025,22,0.0,0.0,0.0,0.0,0.0,0.7506111264228821,0.7864184379577637,0.3542884588241577,0.8498356342315674,0.9951706528663635,0.7506111264228821,0.7864184379577637,0.3542884588241577,0.8498356342315674,0.9951706528663635,loaded,False
0.405,0.41000000000000003,0.40750000000000003,16,0.0,0.0,0.0,0.0,0.0,0.9420491456985474,0.9845172166824341,0.6036742925643921,0.8238012790679932,1.3709031343460083,0.9420491456985474,0.9845172166824341,0.6036742925643921,0.8238012790679932,1.3709031343460083,loaded,False
0.41000000000000003,0.41500000000000004,0.41250000000000003,20,0.0,0.0,0.0,0.0,0.0,1.301779866218567,1.3490989208221436,0.9384911060333252,1.2376041412353516,2.0012173652648926,1.301779866218567,1.3490989208221436,0.9384911060333252,1.2376041412353516,2.0012173652648926,loaded,False
0.41500000000000004,0.42,0.4175,4,0.0,0.0,0.0,0.0,0.0,1.6492794752120972,1.6492972373962402,1.6400690078735352,1.6491620540618896,1.6586542129516602,1.6492794752120972,1.6492972373962402,1.6400690078735352,1.6491620540618896,1.6586542129516602,loaded,False
0.42,0.425,0.4225,2,0.0,0.0,0.0,0.0,0.0,1.968894362449646,1.9688986539840698,1.9651926755905151,1.968894362449646,1.9725960493087769,1.968894362449646,1.9688986539840698,1.9651926755905151,1.968894362449646,1.9725960493087769,loaded,False
0.0,0.005,0.0025,1,-18.486907958984375,18.486907958984375,-18.486907958984375,-18.486907958984375,-18.486907958984375,-3.0240182876586914,3.0240182876586914,-3.0240182876586914,-3.0240182876586914,-3.0240182876586914,15.462889671325684,15.462889671325684,15.462889671325684,15.462889671325684,15.462889671325684,residual,True
0.005,0.01,0.0075,8,-20.34476089477539,20.34649085998535,-20.773767471313477,-20.35547637939453,-20.039724349975586,-3.111903190612793,3.112135648727417,-3.1694839000701904,-3.1114025115966797,-3.0636096000671387,17.23285675048828,17.23483657836914,16.96249008178711,17.215606689453125,17.663362503051758,residual,True
0.01,0.015,0.0125,17,-20.62925148010254,20.632591247558594,-21.209257125854492,-20.658733367919922,-20.112751007080078,-3.3597893714904785,3.3615362644195557,-3.5522258281707764,-3.3377506732940674,-3.242546796798706,17.269458770751953,17.273923873901367,16.659297943115234,17.253053665161133,17.879093170166016,residual,True
0.015,0.02,0.0175,21,-20.790918350219727,20.792163848876953,-21.101192474365234,-20.751243591308594,-20.50737953186035,-3.699599027633667,3.7019453048706055,-3.8755404949188232,-3.703775405883789,-3.528960943222046,17.091320037841797,17.09286880493164,16.678556442260742,17.07763671875,17.441402435302734,residual,True
0.02,0.025,0.0225,29,-21.613826751708984,21.617902755737305,-22.006834030151367,-21.862064361572266,-20.861021041870117,-4.188798427581787,4.1930928230285645,-4.523864269256592,-4.153447151184082,-3.9278013706207275,17.425029754638672,17.429079055786133,16.79962921142578,17.484668731689453,17.927627563476562,residual,True
0.025,0.03,0.0275,35,-21.547103881835938,21.54801368713379,-21.82082748413086,-21.573152542114258,-21.134675979614258,-6.142932891845703,6.775696754455566,-14.052617073059082,-4.851646900177002,-4.431701183319092,15.404170036315918,15.688532829284668,7.143749713897705,16.687103271484375,17.257368087768555,residual,True
0.03,0.035,0.0325,36,-21.15770721435547,21.160276412963867,-21.621501922607422,-21.0623836517334,-20.648326873779297,-10.549410820007324,11.809165000915527,-19.0633487701416,-11.767600059509277,-4.729571342468262,10.608295440673828,11.885788917541504,2.167006015777588,9.56003189086914,16.709821701049805,residual,True
0.035,0.04,0.037500000000000006,48,-20.777502059936523,20.78075408935547,-21.237468719482422,-20.776615142822266,-20.30004119873047,-9.821681022644043,11.481368064880371,-19.241064071655273,-5.611591339111328,-5.134308338165283,10.95582103729248,12.425325393676758,1.3020579814910889,14.851201057434082,15.720115661621094,residual,True
0.04,0.045,0.042499999999999996,56,-20.35798454284668,20.36200714111328,-21.02165412902832,-20.353046417236328,-19.727996826171875,-8.341259002685547,9.697429656982422,-23.590124130249023,-6.1953325271606445,-5.78417444229126,12.01672649383545,13.020023345947266,-3.2858285903930664,14.056145668029785,14.958826065063477,residual,True
0.045,0.05,0.0475,60,-19.825681686401367,19.829126358032227,-20.353328704833984,-19.79762077331543,-19.33300018310547,-7.94180965423584,8.730630874633789,-19.072317123413086,-6.545908451080322,-6.307339191436768,11.883875846862793,12.430472373962402,1.0890873670578003,13.166620254516602,14.076210021972656,residual,True
0.05,0.055,0.052500000000000005,65,-19.23194694519043,19.235210418701172,-19.763696670532227,-19.22875213623047,-18.661697387695312,-8.085570335388184,9.081369400024414,-19.137582778930664,-6.710880279541016,-6.092395305633545,11.146377563476562,11.888083457946777,0.10887299478054047,12.634861946105957,13.28455924987793,residual,True
0.055,0.06,0.057499999999999996,62,-18.633657455444336,18.637004852294922,-19.074420928955078,-18.614105224609375,-18.092660903930664,-7.319547653198242,8.485170364379883,-18.923418045043945,-5.628217697143555,-4.801937580108643,11.314106941223145,12.101861000061035,-0.19831925630569458,12.717814445495605,13.801233291625977,residual,True
0.06,0.065,0.0625,84,-17.848281860351562,17.85298728942871,-18.472049713134766,-17.849815368652344,-17.227380752563477,-5.806611061096191,7.235190391540527,-18.326175689697266,-4.203876495361328,-2.7696750164031982,12.041668891906738,12.805935859680176,-0.2280636429786682,13.827838897705078,15.240592956542969,residual,True
0.065,0.07,0.0675,89,-16.900348663330078,16.90625,-17.576702117919922,-16.89377212524414,-16.109275817871094,-3.223623514175415,4.398224353790283,-9.50015926361084,-1.9679030179977417,-0.48728957772254944,13.676726341247559,13.99168586730957,6.957063674926758,14.904399871826172,16.087369918823242,residual,True
0.07,0.075,0.07250000000000001,91,-13.755462646484375,14.07291316986084,-16.35042953491211,-14.7346830368042,-10.86707878112793,-0.03330882638692856,1.69179105758667,-0.818383514881134,0.31895777583122253,1.061571478843689,13.722153663635254,14.064115524291992,7.892563819885254,14.577445030212402,16.360294342041016,residual,True
0.075,0.08,0.0775,93,-2.2486422061920166,4.762887477874756,-10.803772926330566,0.0,0.0,0.6321841478347778,2.172152042388916,-4.456736087799072,1.1258751153945923,1.8839316368103027,2.880826234817505,5.658727645874023,-4.456736087799072,1.3447476625442505,11.779377937316895,residual,False
0.08,0.085,0.0825,99,0.0,0.0,0.0,0.0,0.0,1.83390212059021,1.8491929769515991,1.4438344240188599,1.7987416982650757,2.2594029903411865,1.83390212059021,1.8491929769515991,1.4438344240188599,1.7987416982650757,2.2594029903411865,residual,False
0.085,0.09,0.0875,111,0.0,0.0,0.0,0.0,0.0,2.1396193504333496,2.2069594860076904,1.9168612957000732,2.1746106147766113,2.4212872982025146,2.1396193504333496,2.2069594860076904,1.9168612957000732,2.1746106147766113,2.4212872982025146,residual,False
0.09,0.095,0.0925,121,0.0,0.0,0.0,0.0,0.0,2.396916627883911,2.398799419403076,2.269566297531128,2.3816676139831543,2.5739524364471436,2.396916627883911,2.398799419403076,2.269566297531128,2.3816676139831543,2.5739524364471436,residual,False
0.095,0.1,0.0975,125,0.0,0.0,0.0,0.0,0.0,2.436831474304199,2.4384546279907227,2.316906452178955,2.4363515377044678,2.646864891052246,2.436831474304199,2.4384546279907227,2.316906452178955,2.4363515377044678,2.646864891052246,residual,False
0.1,0.105,0.10250000000000001,120,0.0,0.0,0.0,0.0,0.0,2.377760887145996,2.379837989807129,2.210568904876709,2.384185791015625,2.5958402156829834,2.377760887145996,2.379837989807129,2.210568904876709,2.384185791015625,2.5958402156829834,residual,False
0.105,0.11,0.1075,144,0.0,0.0,0.0,0.0,0.0,2.210484743118286,2.213870048522949,2.0401813983917236,2.200364351272583,2.399955987930298,2.210484743118286,2.213870048522949,2.0401813983917236,2.200364351272583,2.399955987930298,residual,False
0.11,0.115,0.1125,137,0.0,0.0,0.0,0.0,0.0,2.005281686782837,2.008396625518799,1.8906588554382324,1.9784504175186157,2.2398324012756348,2.005281686782837,2.008396625518799,1.8906588554382324,1.9784504175186157,2.2398324012756348,residual,False
0.115,0.12,0.1175,137,0.0,0.0,0.0,0.0,0.0,1.817055344581604,1.817931890487671,1.7291854619979858,1.81895911693573,1.9125465154647827,1.817055344581604,1.817931890487671,1.7291854619979858,1.81895911693573,1.9125465154647827,residual,False
0.12,0.125,0.1225,161,0.0,0.0,0.0,0.0,0.0,1.6501988172531128,1.6511516571044922,1.5649986267089844,1.651354432106018,1.741436243057251,1.6501988172531128,1.6511516571044922,1.5649986267089844,1.651354432106018,1.741436243057251,residual,False
0.125,0.13,0.1275,163,0.0,0.0,0.0,0.0,0.0,1.4871848821640015,1.488149642944336,1.3983720541000366,1.4882757663726807,1.5727025270462036,1.4871848821640015,1.488149642944336,1.3983720541000366,1.4882757663726807,1.5727025270462036,residual,False
0.13,0.135,0.1325,174,0.0,0.0,0.0,0.0,0.0,1.3380271196365356,1.3389956951141357,1.2547097206115723,1.3370622396469116,1.419989824295044,1.3380271196365356,1.3389956951141357,1.2547097206115723,1.3370622396469116,1.419989824295044,residual,False
0.135,0.14,0.1375,164,0.0,0.0,0.0,0.0,0.0,1.206851840019226,1.2076598405838013,1.1323696374893188,1.2052228450775146,1.2835687398910522,1.206851840019226,1.2076598405838013,1.1323696374893188,1.2052228450775146,1.2835687398910522,residual,False
0.14,0.145,0.14250000000000002,168,0.0,0.0,0.0,0.0,0.0,1.0928248167037964,1.0935288667678833,1.028556227684021,1.0965709686279297,1.1526405811309814,1.0928248167037964,1.0935288667678833,1.028556227684021,1.0965709686279297,1.1526405811309814,residual,False
0.145,0.15,0.1475,190,0.0,0.0,0.0,0.0,0.0,0.9901849031448364,0.9908854961395264,0.9298584461212158,0.9879329204559326,1.0483155250549316,0.9901849031448364,0.9908854961395264,0.9298584461212158,0.9879329204559326,1.0483155250549316,residual,False
0.15,0.155,0.1525,188,0.0,0.0,0.0,0.0,0.0,0.8983238935470581,0.898884654045105,0.8446782231330872,0.9005681276321411,0.9455528259277344,0.8983238935470581,0.898884654045105,0.8446782231330872,0.9005681276321411,0.9455528259277344,residual,False
0.155,0.16,0.1575,209,0.0,0.0,0.0,0.0,0.0,0.8209179043769836,0.8214285373687744,0.7736414670944214,0.8217011094093323,0.869637668132782,0.8209179043769836,0.8214285373687744,0.7736414670944214,0.8217011094093323,0.869637668132782,residual,False
0.16,0.165,0.1625,201,0.0,0.0,0.0,0.0,0.0,0.7562829852104187,0.7567581534385681,0.7118724584579468,0.7603473663330078,0.7988076210021973,0.7562829852104187,0.7567581534385681,0.7118724584579468,0.7603473663330078,0.7988076210021973,residual,False
0.165,0.17,0.1675,210,0.0,0.0,0.0,0.0,0.0,0.7100386619567871,0.7104968428611755,0.6681897640228271,0.710910975933075,0.7489851713180542,0.7100386619567871,0.7104968428611755,0.6681897640228271,0.710910975933075,0.7489851713180542,residual,False
0.17,0.17500000000000002,0.17250000000000001,231,0.0,0.0,0.0,0.0,0.0,0.6717990636825562,0.6722316145896912,0.6325423717498779,0.6720840930938721,0.7095811367034912,0.6717990636825562,0.6722316145896912,0.6325423717498779,0.6720840930938721,0.7095811367034912,residual,False
0.17500000000000002,0.18,0.1775,201,0.0,0.0,0.0,0.0,0.0,0.641740620136261,0.6421908736228943,0.6053206324577332,0.6401466727256775,0.6791289448738098,0.641740620136261,0.6421908736228943,0.6053206324577332,0.6401466727256775,0.6791289448738098,residual,False
0.18,0.185,0.1825,232,0.0,0.0,0.0,0.0,0.0,0.6231032013893127,0.623647928237915,0.5826682448387146,0.6253006458282471,0.6607834696769714,0.6231032013893127,0.623647928237915,0.5826682448387146,0.6253006458282471,0.6607834696769714,residual,False
0.185,0.19,0.1875,228,0.0,0.0,0.0,0.0,0.0,0.6018842458724976,0.6024927496910095,0.5606030225753784,0.6019117832183838,0.6403037309646606,0.6018842458724976,0.6024927496910095,0.5606030225753784,0.6019117832183838,0.6403037309646606,residual,False
0.19,0.195,0.1925,260,0.0,0.0,0.0,0.0,0.0,0.588194727897644,0.5889352560043335,0.539338231086731,0.5937972068786621,0.6270617842674255,0.588194727897644,0.5889352560043335,0.539338231086731,0.5937972068786621,0.6270617842674255,residual,False
0.195,0.2,0.1975,247,0.0,0.0,0.0,0.0,0.0,0.569832980632782,0.5707513093948364,0.5191369652748108,0.5723012089729309,0.6142869591712952,0.569832980632782,0.5707513093948364,0.5191369652748108,0.5723012089729309,0.6142869591712952,residual,False
0.2,0.20500000000000002,0.2025,237,0.0,0.0,0.0,0.0,0.0,0.5522445440292358,0.5534098744392395,0.49871957302093506,0.55178302526474,0.6033821702003479,0.5522445440292358,0.5534098744392395,0.49871957302093506,0.55178302526474,0.6033821702003479,residual,False
0.20500000000000002,0.21,0.20750000000000002,268,0.0,0.0,0.0,0.0,0.0,0.5419093370437622,0.5434141755104065,0.4813585877418518,0.5441626310348511,0.5949090719223022,0.5419093370437622,0.5434141755104065,0.4813585877418518,0.5441626310348511,0.5949090719223022,residual,False
0.21,0.215,0.2125,265,0.0,0.0,0.0,0.0,0.0,0.5241773128509521,0.5258182287216187,0.46177908778190613,0.5232879519462585,0.5816025137901306,0.5241773128509521,0.5258182287216187,0.46177908778190613,0.5232879519462585,0.5816025137901306,residual,False
0.215,0.22,0.2175,289,0.0,0.0,0.0,0.0,0.0,0.5118112564086914,0.513843297958374,0.44178906083106995,0.5146846175193787,0.5723881721496582,0.5118112564086914,0.513843297958374,0.44178906083106995,0.5146846175193787,0.5723881721496582,residual,False
0.22,0.225,0.2225,280,0.0,0.0,0.0,0.0,0.0,0.4941502809524536,0.4964536726474762,0.41842561960220337,0.49070823192596436,0.5608264803886414,0.4941502809524536,0.4964536726474762,0.41842561960220337,0.49070823192596436,0.5608264803886414,residual,False
0.225,0.23,0.2275,268,0.0,0.0,0.0,0.0,0.0,0.4771288335323334,0.47991567850112915,0.3953809440135956,0.4688851237297058,0.550197422504425,0.4771288335323334,0.47991567850112915,0.3953809440135956,0.4688851237297058,0.550197422504425,residual,False
0.23,0.23500000000000001,0.2325,296,0.0,0.0,0.0,0.0,0.0,0.4649583399295807,0.46813127398490906,0.3756881654262543,0.4654306173324585,0.5403363108634949,0.4649583399295807,0.46813127398490906,0.3756881654262543,0.4654306173324585,0.5403363108634949,residual,False
0.23500000000000001,0.24,0.2375,290,0.0,0.0,0.0,0.0,0.0,0.44499754905700684,0.44832903146743774,0.35794293880462646,0.4438149333000183,0.5263233780860901,0.44499754905700684,0.44832903146743774,0.35794293880462646,0.4438149333000183,0.5263233780860901,residual,False
0.24,0.245,0.2425,312,0.0,0.0,0.0,0.0,0.0,0.43344488739967346,0.4372795820236206,0.34526655077934265,0.4327406883239746,0.5144246816635132,0.43344488739967346,0.4372795820236206,0.34526655077934265,0.4327406883239746,0.5144246816635132,residual,False
0.245,0.25,0.2475,307,0.0,0.0,0.0,0.0,0.0,0.41178765892982483,0.4154048264026642,0.33917948603630066,0.4039280116558075,0.49894991517066956,0.41178765892982483,0.4154048264026642,0.33917948603630066,0.4039280116558075,0.49894991517066956,residual,False
0.25,0.255,0.2525,333,0.0,0.0,0.0,0.0,0.0,0.39874956011772156,0.40222451090812683,0.3350679576396942,0.3856390714645386,0.48252665996551514,0.39874956011772156,0.40222451090812683,0.3350679576396942,0.3856390714645386,0.48252665996551514,residual,False
0.255,0.26,0.2575,324,0.0,0.0,0.0,0.0,0.0,0.38756227493286133,0.390150785446167,0.33183419704437256,0.37613189220428467,0.4659431278705597,0.38756227493286133,0.390150785446167,0.33183419704437256,0.37613189220428467,0.4659431278705597,residual,False
0.26,0.265,0.2625,314,0.0,0.0,0.0,0.0,0.0,0.37728071212768555,0.3790980577468872,0.3320240080356598,0.36983487010002136,0.44792884588241577,0.37728071212768555,0.3790980577468872,0.3320240080356598,0.36983487010002136,0.44792884588241577,residual,False
0.265,0.27,0.2675,342,0.0,0.0,0.0,0.0,0.0,0.3789522349834442,0.3804280459880829,0.3300554156303406,0.37881118059158325,0.4329419732093811,0.3789522349834442,0.3804280459880829,0.3300554156303406,0.37881118059158325,0.4329419732093811,residual,False
0.27,0.275,0.2725,328,0.0,0.0,0.0,0.0,0.0,0.3810676336288452,0.38369038701057434,0.324482798576355,0.3734983205795288,0.4785948693752289,0.3810676336288452,0.38369038701057434,0.324482798576355,0.3734983205795288,0.4785948693752289,residual,False
0.275,0.28,0.2775,376,0.0,0.0,0.0,0.0,0.0,0.39641377329826355,0.40739116072654724,0.3151225447654724,0.369795560836792,0.6800650954246521,0.39641377329826355,0.40739116072654724,0.3151225447654724,0.369795560836792,0.6800650954246521,residual,False
0.28,0.28500000000000003,0.28250000000000003,344,0.0,0.0,0.0,0.0,0.0,0.4554092586040497,0.4984085261821747,0.30503755807876587,0.36523279547691345,1.032411813735962,0.4554092586040497,0.4984085261821747,0.30503755807876587,0.36523279547691345,1.032411813735962,residual,False
0.28500000000000003,0.29,0.2875,356,0.0,0.0,0.0,0.0,0.0,0.5513046979904175,0.6486232876777649,0.2913598418235779,0.3670300841331482,1.5174885988235474,0.5513046979904175,0.6486232876777649,0.2913598418235779,0.3670300841331482,1.5174885988235474,residual,False
0.29,0.295,0.2925,364,0.0,0.0,0.0,0.0,0.0,0.6991775631904602,0.8759730458259583,0.2779390513896942,0.3695657253265381,1.9065309762954712,0.6991775631904602,0.8759730458259583,0.2779390513896942,0.3695657253265381,1.9065309762954712,residual,False
0.295,0.3,0.2975,347,0.0,0.0,0.0,0.0,0.0,0.7790566086769104,0.9992110729217529,0.25642675161361694,0.3623327314853668,1.9331272840499878,0.7790566086769104,0.9992110729217529,0.25642675161361694,0.3623327314853668,1.9331272840499878,residual,False
0.3,0.305,0.3025,319,0.0,0.0,0.0,0.0,0.0,0.6878964304924011,0.9072151184082031,0.2335212677717209,0.32276374101638794,1.8498663902282715,0.6878964304924011,0.9072151184082031,0.2335212677717209,0.32276374101638794,1.8498663902282715,residual,False
0.305,0.31,0.3075,258,0.0,0.0,0.0,0.0,0.0,0.6398854851722717,0.8503480553627014,0.21044372022151947,0.2925172448158264,1.7926830053329468,0.6398854851722717,0.8503480553627014,0.21044372022151947,0.2925172448158264,1.7926830053329468,residual,False
0.31,0.315,0.3125,238,0.0,0.0,0.0,0.0,0.0,0.570694088935852,0.7773518562316895,0.18182334303855896,0.258189857006073,1.719671607017517,0.570694088935852,0.7773518562316895,0.18182334303855896,0.258189857006073,1.719671607017517,residual,False
0.315,0.32,0.3175,222,0.0,0.0,0.0,0.0,0.0,0.5374005436897278,0.7298217415809631,0.15805678069591522,0.2467620074748993,1.650473952293396,0.5374005436897278,0.7298217415809631,0.15805678069591522,0.2467620074748993,1.650473952293396,residual,False
0.32,0.325,0.3225,195,0.0,0.0,0.0,0.0,0.0,0.52626633644104,0.7246193885803223,0.13322919607162476,0.24619384109973907,1.59932279586792,0.52626633644104,0.7246193885803223,0.13322919607162476,0.24619384109973907,1.59932279586792,residual,False
0.325,0.33,0.3275,193,0.0,0.0,0.0,0.0,0.0,0.4386795461177826,0.6446776986122131,0.09551087766885757,0.16567948460578918,1.5457515716552734,0.4386795461177826,0.6446776986122131,0.09551087766885757,0.16567948460578918,1.5457515716552734,residual,False
0.33,0.335,0.3325,164,0.0,0.0,0.0,0.0,0.0,0.4651980996131897,0.6670392751693726,0.0738651379942894,0.21437451243400574,1.5058389902114868,0.4651980996131897,0.6670392751693726,0.0738651379942894,0.21437451243400574,1.5058389902114868,residual,False
0.335,0.34,0.3375,165,0.0,0.0,0.0,0.0,0.0,0.4297202229499817,0.64799565076828,0.03576904907822609,0.15046657621860504,1.473541498184204,0.4297202229499817,0.64799565076828,0.03576904907822609,0.15046657621860504,1.473541498184204,residual,False
0.34,0.34500000000000003,0.3425,145,0.0,0.0,0.0,0.0,0.0,0.4140453040599823,0.6420753002166748,0.00838658306747675,0.14632125198841095,1.4311680793762207,0.4140453040599823,0.6420753002166748,0.00838658306747675,0.14632125198841095,1.4311680793762207,residual,False
0.34500000000000003,0.35000000000000003,0.34750000000000003,132,0.0,0.0,0.0,0.0,0.0,0.4433344602584839,0.6551296710968018,-0.013219977729022503,0.18538714945316315,1.3875774145126343,0.4433344602584839,0.6551296710968018,-0.013219977729022503,0.18538714945316315,1.3875774145126343,residual,False
0.35000000000000003,0.355,0.35250000000000004,130,0.0,0.0,0.0,0.0,0.0,0.2968604862689972,0.542863130569458,-0.04807361587882042,0.03714638203382492,1.2905515432357788,0.2968604862689972,0.542863130569458,-0.04807361587882042,0.03714638203382492,1.2905515432357788,residual,False
0.355,0.36,0.3575,104,0.0,0.0,0.0,0.0,0.0,0.42251136898994446,0.6493110060691833,-0.06567682325839996,0.2104688286781311,1.3389207124710083,0.42251136898994446,0.6493110060691833,-0.06567682325839996,0.2104688286781311,1.3389207124710083,residual,False
0.36,0.365,0.3625,110,0.0,0.0,0.0,0.0,0.0,0.30948197841644287,0.5581876039505005,-0.08423029631376266,0.03755767643451691,1.2787500619888306,0.30948197841644287,0.5581876039505005,-0.08423029631376266,0.03755767643451691,1.2787500619888306,residual,False
0.365,0.37,0.3675,92,0.0,0.0,0.0,0.0,0.0,0.37042444944381714,0.5882321000099182,-0.08748611807823181,0.17287541925907135,1.2187579870224,0.37042444944381714,0.5882321000099182,-0.08748611807823181,0.17287541925907135,1.2187579870224,residual,False
0.37,0.375,0.3725,82,0.0,0.0,0.0,0.0,0.0,0.35750246047973633,0.5868462920188904,-0.09501028060913086,0.13757044076919556,1.1445670127868652,0.35750246047973633,0.5868462920188904,-0.09501028060913086,0.13757044076919556,1.1445670127868652,residual,False
0.375,0.38,0.3775,82,0.0,0.0,0.0,0.0,0.0,0.3574574291706085,0.5459139943122864,-0.0899890661239624,0.3039821982383728,1.1108460426330566,0.3574574291706085,0.5459139943122864,-0.0899890661239624,0.3039821982383728,1.1108460426330566,residual,False
0.38,0.385,0.3825,52,0.0,0.0,0.0,0.0,0.0,0.4606334865093231,0.6340281367301941,-0.08731014281511307,0.3688112497329712,1.0935041904449463,0.4606334865093231,0.6340281367301941,-0.08731014281511307,0.3688112497329712,1.0935041904449463,residual,False
0.385,0.39,0.3875,74,0.0,0.0,0.0,0.0,0.0,0.4021037518978119,0.5500951409339905,-0.07351047545671463,0.32389992475509644,1.0113669633865356,0.4021037518978119,0.5500951409339905,-0.07351047545671463,0.32389992475509644,1.0113669633865356,residual,False
0.39,0.395,0.3925,34,0.0,0.0,0.0,0.0,0.0,0.5286552309989929,0.6370401382446289,0.009018603712320328,0.6251509189605713,1.0221788883209229,0.5286552309989929,0.6370401382446289,0.009018603712320328,0.6251509189605713,1.0221788883209229,residual,False
0.395,0.4,0.3975,50,0.0,0.0,0.0,0.0,0.0,0.6106500029563904,0.6746306419372559,0.07623130828142166,0.678287923336029,0.9805842041969299,0.6106500029563904,0.6746306419372559,0.07623130828142166,0.678287923336029,0.9805842041969299,residual,False
0.4,0.405,0.4025,22,0.0,0.0,0.0,0.0,0.0,0.8555722832679749,0.8914973735809326,0.4324687719345093,0.9618539810180664,1.1177568435668945,0.8555722832679749,0.8914973735809326,0.4324687719345093,0.9618539810180664,1.1177568435668945,residual,False
0.405,0.41000000000000003,0.40750000000000003,16,0.0,0.0,0.0,0.0,0.0,1.0607738494873047,1.103844165802002,0.6999222040176392,0.934319257736206,1.5189036130905151,1.0607738494873047,1.103844165802002,0.6999222040176392,0.934319257736206,1.5189036130905151,residual,False
0.41000000000000003,0.41500000000000004,0.41250000000000003,20,0.0,0.0,0.0,0.0,0.0,1.4457029104232788,1.4942773580551147,1.0572433471679688,1.3777120113372803,2.1909263134002686,1.4457029104232788,1.4942773580551147,1.0572433471679688,1.3777120113372803,2.1909263134002686,residual,False
0.41500000000000004,0.42,0.4175,4,0.0,0.0,0.0,0.0,0.0,1.8178246021270752,1.817844033241272,1.8076890707015991,1.8177170753479004,1.828110933303833,1.8178246021270752,1.817844033241272,1.8076890707015991,1.8177170753479004,1.828110933303833,residual,False
0.42,0.425,0.4225,2,0.0,0.0,0.0,0.0,0.0,2.1591784954071045,2.1591835021972656,2.155029773712158,2.1591784954071045,2.163327217102051,2.1591784954071045,2.1591835021972656,2.155029773712158,2.1591784954071045,2.163327217102051,residual,False
0.0,0.005,0.0025,1,0.0,0.0,0.0,0.0,0.0,11.6986083984375,11.6986083984375,11.6986083984375,11.6986083984375,11.6986083984375,11.6986083984375,11.6986083984375,11.6986083984375,11.6986083984375,11.6986083984375,recovery,True
0.005,0.01,0.0075,8,0.0,0.0,0.0,0.0,0.0,11.61262321472168,11.612687110900879,11.55412769317627,11.61301040649414,11.661283493041992,11.61262321472168,11.612687110900879,11.55412769317627,11.61301040649414,11.661283493041992,recovery,True
0.01,0.015,0.0125,17,0.0,0.0,0.0,0.0,0.0,11.368986129760742,11.369501113891602,11.180671691894531,11.391800880432129,11.487277030944824,11.368986129760742,11.369501113891602,11.180671691894531,11.391800880432129,11.487277030944824,recovery,True
0.015,0.02,0.0175,21,0.0,0.0,0.0,0.0,0.0,11.032011032104492,11.032811164855957,10.845762252807617,11.017606735229492,11.206775665283203,11.032011032104492,11.032811164855957,10.845762252807617,11.017606735229492,11.206775665283203,recovery,True
0.02,0.025,0.0225,29,0.0,0.0,0.0,0.0,0.0,10.540313720703125,10.542109489440918,10.209697723388672,10.568359375,10.81191349029541,10.540313720703125,10.542109489440918,10.209697723388672,10.568359375,10.81191349029541,recovery,True
0.025,0.03,0.0275,35,0.0,0.0,0.0,0.0,0.0,8.56940746307373,9.039916038513184,0.6368293762207031,9.849967956542969,10.297964096069336,8.56940746307373,9.039916038513184,0.6368293762207031,9.849967956542969,10.297964096069336,recovery,True
0.03,0.035,0.0325,36,0.0,0.0,0.0,0.0,0.0,4.110968112945557,6.7061238288879395,-4.4280877113342285,2.9126930236816406,9.877126693725586,4.110968112945557,6.7061238288879395,-4.4280877113342285,2.9126930236816406,9.877126693725586,recovery,True
0.035,0.04,0.037500000000000006,48,0.0,0.0,0.0,0.0,0.0,6.5920844078063965,10.6004056930542,-4.680515289306641,8.951279640197754,19.9143123626709,6.5920844078063965,10.6004056930542,-4.680515289306641,8.951279640197754,19.9143123626709,recovery,True
0.04,0.045,0.042499999999999996,56,0.0,0.0,0.0,0.0,0.0,12.660430908203125,14.871976852416992,1.1323394775390625,10.925643920898438,23.43269920349121,12.660430908203125,14.871976852416992,1.1323394775390625,10.925643920898438,23.43269920349121,recovery,True
0.045,0.05,0.0475,60,0.0,0.0,0.0,0.0,0.0,8.367060661315918,10.571227073669434,-5.085365295410156,7.612442970275879,22.0650691986084,8.367060661315918,10.571227073669434,-5.085365295410156,7.612442970275879,22.0650691986084,recovery,True
0.05,0.055,0.052500000000000005,65,0.0,0.0,0.0,0.0,0.0,7.166458606719971,9.554207801818848,-5.996689796447754,6.800119400024414,17.427139282226562,7.166458606719971,9.554207801818848,-5.996689796447754,6.800119400024414,17.427139282226562,recovery,True
0.055,0.06,0.057499999999999996,62,0.0,0.0,0.0,0.0,0.0,5.811364650726318,8.362833023071289,-7.153157711029053,6.099369049072266,17.315736770629883,5.811364650726318,8.362833023071289,-7.153157711029053,6.099369049072266,17.315736770629883,recovery,True
0.06,0.065,0.0625,84,0.0,0.0,0.0,0.0,0.0,4.38412618637085,7.009963035583496,-5.868048667907715,5.240850448608398,17.029935836791992,4.38412618637085,7.009963035583496,-5.868048667907715,5.240850448608398,17.029935836791992,recovery,True
0.065,0.07,0.0675,89,0.0,0.0,0.0,0.0,0.0,3.4574337005615234,5.487825393676758,-1.9184205532073975,4.46505069732666,9.883983612060547,3.4574337005615234,5.487825393676758,-1.9184205532073975,4.46505069732666,9.883983612060547,recovery,True
0.07,0.075,0.07250000000000001,91,0.0,0.0,0.0,0.0,0.0,4.378507614135742,5.385474681854248,3.122775077819824,3.9088196754455566,13.781275749206543,4.378507614135742,5.385474681854248,3.122775077819824,3.9088196754455566,13.781275749206543,recovery,True
0.075,0.08,0.0775,93,0.0,0.0,0.0,0.0,0.0,2.83833384513855,3.6305551528930664,-2.433710813522339,3.3646459579467773,3.7696597576141357,2.83833384513855,3.6305551528930664,-2.433710813522339,3.3646459579467773,3.7696597576141357,recovery,False
0.08,0.085,0.0825,99,0.0,0.0,0.0,0.0,0.0,3.175748586654663,3.4102349281311035,2.5281624794006348,2.9241344928741455,7.866301536560059,3.175748586654663,3.4102349281311035,2.5281624794006348,2.9241344928741455,7.866301536560059,recovery,False
0.085,0.09,0.0875,111,0.0,0.0,0.0,0.0,0.0,2.3830149173736572,2.4486703872680664,2.079934597015381,2.4162375926971436,2.7482385635375977,2.3830149173736572,2.4486703872680664,2.079934597015381,2.4162375926971436,2.7482385635375977,recovery,False
0.09,0.095,0.0925,121,0.0,0.0,0.0,0.0,0.0,2.0080513954162598,2.014721632003784,1.749158263206482,2.01366925239563,2.2692208290100098,2.0080513954162598,2.014721632003784,1.749158263206482,2.01366925239563,2.2692208290100098,recovery,False
0.095,0.1,0.0975,125,0.0,0.0,0.0,0.0,0.0,1.6109800338745117,1.6202709674835205,1.3169536590576172,1.6151666641235352,1.8940593004226685,1.6109800338745117,1.6202709674835205,1.3169536590576172,1.6151666641235352,1.8940593004226685,recovery,False
0.1,0.105,0.10250000000000001,120,0.0,0.0,0.0,0.0,0.0,1.3288441896438599,1.3381195068359375,1.088118076324463,1.3224447965621948,1.5545806884765625,1.3288441896438599,1.3381195068359375,1.088118076324463,1.3224447965621948,1.5545806884765625,recovery,False
0.105,0.11,0.1075,144,0.0,0.0,0.0,0.0,0.0,1.0413098335266113,1.051204800605774,0.8395784497261047,1.0187947750091553,1.2884440422058105,1.0413098335266113,1.051204800605774,0.8395784497261047,1.0187947750091553,1.2884440422058105,recovery,False
0.11,0.115,0.1125,137,0.0,0.0,0.0,0.0,0.0,0.8168178200721741,0.8229050040245056,0.6985830068588257,0.7959325313568115,1.026990294456482,0.8168178200721741,0.8229050040245056,0.6985830068588257,0.7959325313568115,1.026990294456482,recovery,False
0.115,0.12,0.1175,137,0.0,0.0,0.0,0.0,0.0,0.6626946330070496,0.6645081043243408,0.5803663730621338,0.6611748933792114,0.7460671663284302,0.6626946330070496,0.6645081043243408,0.5803663730621338,0.6611748933792114,0.7460671663284302,recovery,False
0.12,0.125,0.1225,161,0.0,0.0,0.0,0.0,0.0,0.5515491366386414,0.553118884563446,0.4891120195388794,0.5513404607772827,0.6188257932662964,0.5515491366386414,0.553118884563446,0.4891120195388794,0.5513404607772827,0.6188257932662964,recovery,False
0.125,0.13,0.1275,163,0.0,0.0,0.0,0.0,0.0,0.46165212988853455,0.46285566687583923,0.41161441802978516,0.4560779333114624,0.5137587785720825,0.46165212988853455,0.46285566687583923,0.41161441802978516,0.4560779333114624,0.5137587785720825,recovery,False
0.13,0.135,0.1325,174,0.0,0.0,0.0,0.0,0.0,0.39012986421585083,0.3910033702850342,0.3482828438282013,0.38874301314353943,0.43487048149108887,0.39012986421585083,0.3910033702850342,0.3482828438282013,0.38874301314353943,0.43487048149108887,recovery,False
0.135,0.14,0.1375,164,0.0,0.0,0.0,0.0,0.0,0.3371100425720215,0.3377181887626648,0.3048512637615204,0.3348086178302765,0.3730088174343109,0.3371100425720215,0.3377181887626648,0.3048512637615204,0.3348086178302765,0.3730088174343109,recovery,False
0.14,0.145,0.14250000000000002,168,0.0,0.0,0.0,0.0,0.0,0.29548749327659607,0.2959269881248474,0.2704780697822571,0.2942957580089569,0.3229464888572693,0.29548749327659607,0.2959269881248474,0.2704780697822571,0.2942957580089569,0.3229464888572693,recovery,False
0.145,0.15,0.1475,190,0.0,0.0,0.0,0.0,0.0,0.26053091883659363,0.2608884572982788,0.2405177801847458,0.2589850425720215,0.28306886553764343,0.26053091883659363,0.2608884572982788,0.2405177801847458,0.2589850425720215,0.28306886553764343,recovery,False
0.15,0.155,0.1525,188,0.0,0.0,0.0,0.0,0.0,0.23162734508514404,0.2319038361310959,0.21328526735305786,0.23028072714805603,0.25104811787605286,0.23162734508514404,0.2319038361310959,0.21328526735305786,0.23028072714805603,0.25104811787605286,recovery,False
0.155,0.16,0.1575,209,0.0,0.0,0.0,0.0,0.0,0.2069181203842163,0.20714974403381348,0.19146861135959625,0.20589077472686768,0.22330071032047272,0.2069181203842163,0.20714974403381348,0.19146861135959625,0.20589077472686768,0.22330071032047272,recovery,False
0.16,0.165,0.1625,201,0.0,0.0,0.0,0.0,0.0,0.1864076852798462,0.18659278750419617,0.17366242408752441,0.18619096279144287,0.20050376653671265,0.1864076852798462,0.18659278750419617,0.17366242408752441,0.18619096279144287,0.20050376653671265,recovery,False
0.165,0.17,0.1675,210,0.0,0.0,0.0,0.0,0.0,0.16940143704414368,0.16955116391181946,0.15885810554027557,0.1693057119846344,0.18142354488372803,0.16940143704414368,0.16955116391181946,0.15885810554027557,0.1693057119846344,0.18142354488372803,recovery,False
0.17,0.17500000000000002,0.17250000000000001,231,0.0,0.0,0.0,0.0,0.0,0.15434210002422333,0.15448226034641266,0.14362399280071259,0.153730571269989,0.16582542657852173,0.15434210002422333,0.15448226034641266,0.14362399280071259,0.153730571269989,0.16582542657852173,recovery,False
0.17500000000000002,0.18,0.1775,201,0.0,0.0,0.0,0.0,0.0,0.14217135310173035,0.14229315519332886,0.1328863501548767,0.14198201894760132,0.15229061245918274,0.14217135310173035,0.14229315519332886,0.1328863501548767,0.14198201894760132,0.15229061245918274,recovery,False
0.18,0.185,0.1825,232,0.0,0.0,0.0,0.0,0.0,0.13205060362815857,0.13216760754585266,0.12326707690954208,0.13179951906204224,0.14182980358600616,0.13205060362815857,0.13216760754585266,0.12326707690954208,0.13179951906204224,0.14182980358600616,recovery,False
0.185,0.19,0.1875,228,0.0,0.0,0.0,0.0,0.0,0.12253899872303009,0.1226532906293869,0.11444984376430511,0.12224127352237701,0.1323317289352417,0.12253899872303009,0.1226532906293869,0.11444984376430511,0.12224127352237701,0.1323317289352417,recovery,False
0.19,0.195,0.1925,260,0.0,0.0,0.0,0.0,0.0,0.1134650707244873,0.11359290778636932,0.1053231880068779,0.11304959654808044,0.12375262379646301,0.1134650707244873,0.11359290778636932,0.1053231880068779,0.11304959654808044,0.12375262379646301,recovery,False
0.195,0.2,0.1975,247,0.0,0.0,0.0,0.0,0.0,0.1055399626493454,0.1056811660528183,0.09732196480035782,0.1052301824092865,0.1156720221042633,0.1055399626493454,0.1056811660528183,0.09732196480035782,0.1052301824092865,0.1156720221042633,recovery,False
0.2,0.20500000000000002,0.2025,237,0.0,0.0,0.0,0.0,0.0,0.09897418320178986,0.09911657124757767,0.09081610292196274,0.09875208139419556,0.1083967536687851,0.09897418320178986,0.09911657124757767,0.09081610292196274,0.09875208139419556,0.1083967536687851,recovery,False
0.20500000000000002,0.21,0.20750000000000002,268,0.0,0.0,0.0,0.0,0.0,0.0925208032131195,0.09267301112413406,0.08453956246376038,0.09194234013557434,0.10195764899253845,0.0925208032131195,0.09267301112413406,0.08453956246376038,0.09194234013557434,0.10195764899253845,recovery,False
0.21,0.215,0.2125,265,0.0,0.0,0.0,0.0,0.0,0.08693371713161469,0.08712802827358246,0.07882712781429291,0.08616185188293457,0.09765290468931198,0.08693371713161469,0.08712802827358246,0.07882712781429291,0.08616185188293457,0.09765290468931198,recovery,False
0.215,0.22,0.2175,289,0.0,0.0,0.0,0.0,0.0,0.08184374868869781,0.08208995312452316,0.07329191267490387,0.08070558309555054,0.09352409094572067,0.08184374868869781,0.08208995312452316,0.07329191267490387,0.08070558309555054,0.09352409094572067,recovery,False
0.22,0.225,0.2225,280,0.0,0.0,0.0,0.0,0.0,0.07765156775712967,0.07797747105360031,0.06867871433496475,0.07585246860980988,0.09065622091293335,0.07765156775712967,0.07797747105360031,0.06867871433496475,0.07585246860980988,0.09065622091293335,recovery,False
0.225,0.23,0.2275,268,0.0,0.0,0.0,0.0,0.0,0.07449523359537125,0.07492942363023758,0.06453883647918701,0.07202701270580292,0.08904985338449478,0.07449523359537125,0.07492942363023758,0.06453883647918701,0.07202701270580292,0.08904985338449478,recovery,False
0.23,0.23500000000000001,0.2325,296,0.0,0.0,0.0,0.0,0.0,0.07101553678512573,0.0715985894203186,0.059513211250305176,0.06759162247180939,0.0880318135023117,0.07101553678512573,0.0715985894203186,0.059513211250305176,0.06759162247180939,0.0880318135023117,recovery,False
0.23500000000000001,0.24,0.2375,290,0.0,0.0,0.0,0.0,0.0,0.06895998120307922,0.06973536312580109,0.05630900338292122,0.06560821831226349,0.0875871330499649,0.06895998120307922,0.06973536312580109,0.05630900338292122,0.06560821831226349,0.0875871330499649,recovery,False
0.24,0.245,0.2425,312,0.0,0.0,0.0,0.0,0.0,0.06649138778448105,0.0676269456744194,0.0522398017346859,0.062140822410583496,0.08768107742071152,0.06649138778448105,0.0676269456744194,0.0522398017346859,0.062140822410583496,0.08768107742071152,recovery,False
0.245,0.25,0.2475,307,0.0,0.0,0.0,0.0,0.0,0.06633127480745316,0.06781750917434692,0.04848232492804527,0.06446528434753418,0.08967015892267227,0.06633127480745316,0.06781750917434692,0.04848232492804527,0.06446528434753418,0.08967015892267227,recovery,False
0.25,0.255,0.2525,333,0.0,0.0,0.0,0.0,0.0,0.06585600227117538,0.06794312596321106,0.04542635753750801,0.06241968274116516,0.09291871637105942,0.06585600227117538,0.06794312596321106,0.04542635753750801,0.06241968274116516,0.09291871637105942,recovery,False
0.255,0.26,0.2575,324,0.0,0.0,0.0,0.0,0.0,0.06603235751390457,0.06889422982931137,0.043168406933546066,0.06095452606678009,0.09853736311197281,0.06603235751390457,0.06889422982931137,0.043168406933546066,0.06095452606678009,0.09853736311197281,recovery,False
0.26,0.265,0.2625,314,0.0,0.0,0.0,0.0,0.0,0.06885859370231628,0.07258039712905884,0.040096867829561234,0.06463310122489929,0.10556159913539886,0.06885859370231628,0.07258039712905884,0.040096867829561234,0.06463310122489929,0.10556159913539886,recovery,False
0.265,0.27,0.2675,342,0.0,0.0,0.0,0.0,0.0,0.06880730390548706,0.07406922429800034,0.038024645298719406,0.06174226105213165,0.11407269537448883,0.06880730390548706,0.07406922429800034,0.038024645298719406,0.06174226105213165,0.11407269537448883,recovery,False
0.27,0.275,0.2725,328,0.0,0.0,0.0,0.0,0.0,0.0745917558670044,0.08120560646057129,0.03604267165064812,0.06805028021335602,0.12732625007629395,0.0745917558670044,0.08120560646057129,0.03604267165064812,0.06805028021335602,0.12732625007629395,recovery,False
0.275,0.28,0.2775,376,0.0,0.0,0.0,0.0,0.0,0.07706499844789505,0.08560109883546829,0.03431624919176102,0.06623077392578125,0.1465619057416916,0.07706499844789505,0.08560109883546829,0.03431624919176102,0.06623077392578125,0.1465619057416916,recovery,False
0.28,0.28500000000000003,0.28250000000000003,344,0.0,0.0,0.0,0.0,0.0,0.08649865537881851,0.09836843609809875,0.03329765051603317,0.07577714323997498,0.17637041211128235,0.08649865537881851,0.09836843609809875,0.03329765051603317,0.07577714323997498,0.17637041211128235,recovery,False
0.28500000000000003,0.29,0.2875,356,0.0,0.0,0.0,0.0,0.0,0.09747196733951569,0.11296315491199493,0.03271562606096268,0.08536551892757416,0.21254736185073853,0.09747196733951569,0.11296315491199493,0.03271562606096268,0.08536551892757416,0.21254736185073853,recovery,False
0.29,0.295,0.2925,364,0.0,0.0,0.0,0.0,0.0,0.10857177525758743,0.13080815970897675,0.030634675174951553,0.08685442805290222,0.2416790872812271,0.10857177525758743,0.13080815970897675,0.030634675174951553,0.08685442805290222,0.2416790872812271,recovery,False
0.295,0.3,0.2975,347,0.0,0.0,0.0,0.0,0.0,0.11609134823083878,0.1399480253458023,0.030376644805073738,0.08658602833747864,0.24621595442295074,0.11609134823083878,0.1399480253458023,0.030376644805073738,0.08658602833747864,0.24621595442295074,recovery,False
0.3,0.305,0.3025,319,0.0,0.0,0.0,0.0,0.0,0.10184000432491302,0.12606260180473328,0.027670137584209442,0.07408757507801056,0.23680010437965393,0.10184000432491302,0.12606260180473328,0.027670137584209442,0.07408757507801056,0.23680010437965393,recovery,False
0.305,0.31,0.3075,258,0.0,0.0,0.0,0.0,0.0,0.09573113918304443,0.11745412647724152,0.02742464654147625,0.06787396222352982,0.2224634736776352,0.09573113918304443,0.11745412647724152,0.02742464654147625,0.06787396222352982,0.2224634736776352,recovery,False
0.31,0.315,0.3125,238,0.0,0.0,0.0,0.0,0.0,0.08600667864084244,0.10694753378629684,0.025415334850549698,0.058673419058322906,0.2105664759874344,0.08600667864084244,0.10694753378629684,0.025415334850549698,0.058673419058322906,0.2105664759874344,recovery,False
0.315,0.32,0.3175,222,0.0,0.0,0.0,0.0,0.0,0.08271996676921844,0.10134413093328476,0.025733428075909615,0.05967487394809723,0.19849298894405365,0.08271996676921844,0.10134413093328476,0.025733428075909615,0.05967487394809723,0.19849298894405365,recovery,False
0.32,0.325,0.3225,195,0.0,0.0,0.0,0.0,0.0,0.0820515975356102,0.0994185358285904,0.02536330372095108,0.060828402638435364,0.19205717742443085,0.0820515975356102,0.0994185358285904,0.02536330372095108,0.060828402638435364,0.19205717742443085,recovery,False
0.325,0.33,0.3275,193,0.0,0.0,0.0,0.0,0.0,0.07008185237646103,0.08781523257493973,0.024986732751131058,0.043949589133262634,0.18312713503837585,0.07008185237646103,0.08781523257493973,0.024986732751131058,0.043949589133262634,0.18312713503837585,recovery,False
0.33,0.335,0.3325,164,0.0,0.0,0.0,0.0,0.0,0.07516772300004959,0.09049203246831894,0.025276819244027138,0.05588860809803009,0.17707158625125885,0.07516772300004959,0.09049203246831894,0.025276819244027138,0.05588860809803009,0.17707158625125885,recovery,False
0.335,0.34,0.3375,165,0.0,0.0,0.0,0.0,0.0,0.07034096121788025,0.08615705370903015,0.024894297122955322,0.04764111340045929,0.17012596130371094,0.07034096121788025,0.08615705370903015,0.024894297122955322,0.04764111340045929,0.17012596130371094,recovery,False
0.34,0.34500000000000003,0.3425,145,0.0,0.0,0.0,0.0,0.0,0.06950687617063522,0.08437566459178925,0.02504952810704708,0.048744961619377136,0.1651785671710968,0.06950687617063522,0.08437566459178925,0.02504952810704708,0.048744961619377136,0.1651785671710968,recovery,False
0.34500000000000003,0.35000000000000003,0.34750000000000003,132,0.0,0.0,0.0,0.0,0.0,0.07316455990076065,0.0858045145869255,0.02490704134106636,0.0547715499997139,0.15656855702400208,0.07316455990076065,0.0858045145869255,0.02490704134106636,0.0547715499997139,0.15656855702400208,recovery,False
0.35000000000000003,0.355,0.35250000000000004,130,0.0,0.0,0.0,0.0,0.0,0.058656174689531326,0.07198680192232132,0.024644821882247925,0.036836132407188416,0.1476593166589737,0.058656174689531326,0.07198680192232132,0.024644821882247925,0.036836132407188416,0.1476593166589737,recovery,False
0.355,0.36,0.3575,104,0.0,0.0,0.0,0.0,0.0,0.07142053544521332,0.08308025449514389,0.025462854653596878,0.05749700218439102,0.14517787098884583,0.07142053544521332,0.08308025449514389,0.025462854653596878,0.05749700218439102,0.14517787098884583,recovery,False
0.36,0.365,0.3625,110,0.0,0.0,0.0,0.0,0.0,0.06153254583477974,0.072909414768219,0.025513214990496635,0.041536808013916016,0.1388324797153473,0.06153254583477974,0.072909414768219,0.025513214990496635,0.041536808013916016,0.1388324797153473,recovery,False
0.365,0.37,0.3675,92,0.0,0.0,0.0,0.0,0.0,0.06777551025152206,0.07695159316062927,0.0277431458234787,0.05424453690648079,0.13218897581100464,0.06777551025152206,0.07695159316062927,0.0277431458234787,0.05424453690648079,0.13218897581100464,recovery,False
0.37,0.375,0.3725,82,0.0,0.0,0.0,0.0,0.0,0.06666311621665955,0.07563859224319458,0.0294375941157341,0.052217863500118256,0.1247333362698555,0.06666311621665955,0.07563859224319458,0.0294375941157341,0.052217863500118256,0.1247333362698555,recovery,False
0.375,0.38,0.3775,82,0.0,0.0,0.0,0.0,0.0,0.06746294349431992,0.07392299175262451,0.03331858292222023,0.06369775533676147,0.12154991924762726,0.06746294349431992,0.07392299175262451,0.03331858292222023,0.06369775533676147,0.12154991924762726,recovery,False
0.38,0.385,0.3825,52,0.0,0.0,0.0,0.0,0.0,0.07529506087303162,0.08131462335586548,0.03488609194755554,0.06987486779689789,0.12081848084926605,0.07529506087303162,0.08131462335586548,0.03488609194755554,0.06987486779689789,0.12081848084926605,recovery,False
0.385,0.39,0.3875,74,0.0,0.0,0.0,0.0,0.0,0.07201238721609116,0.07634662091732025,0.03896205872297287,0.06822147965431213,0.11337503045797348,0.07201238721609116,0.07634662091732025,0.03896205872297287,0.06822147965431213,0.11337503045797348,recovery,False
0.39,0.395,0.3925,34,0.0,0.0,0.0,0.0,0.0,0.08168922364711761,0.08497145026922226,0.04691355675458908,0.08678430318832397,0.1150263249874115,0.08168922364711761,0.08497145026922226,0.04691355675458908,0.08678430318832397,0.1150263249874115,recovery,False
0.395,0.4,0.3975,50,0.0,0.0,0.0,0.0,0.0,0.08807768672704697,0.09000220894813538,0.053280699998140335,0.09315928816795349,0.11271944642066956,0.08807768672704697,0.09000220894813538,0.053280699998140335,0.09315928816795349,0.11271944642066956,recovery,False
0.4,0.405,0.4025,22,0.0,0.0,0.0,0.0,0.0,0.10496104508638382,0.10616485029459,0.07818030565977097,0.11201834678649902,0.12198270112276077,0.10496104508638382,0.10616485029459,0.07818030565977097,0.11201834678649902,0.12198270112276077,recovery,False
0.405,0.41000000000000003,0.40750000000000003,16,0.0,0.0,0.0,0.0,0.0,0.11872467398643494,0.12028493732213974,0.09624788165092468,0.11051797866821289,0.14757955074310303,0.11872467398643494,0.12028493732213974,0.09624788165092468,0.11051797866821289,0.14757955074310303,recovery,False
0.41000000000000003,0.41500000000000004,0.41250000000000003,20,0.0,0.0,0.0,0.0,0.0,0.14392316341400146,0.14586783945560455,0.11875218898057938,0.14010775089263916,0.18970896303653717,0.14392316341400146,0.14586783945560455,0.11875218898057938,0.14010775089263916,0.18970896303653717,recovery,False
0.41500000000000004,0.42,0.4175,4,0.0,0.0,0.0,0.0,0.0,0.1685452163219452,0.1685469001531601,0.16762012243270874,0.16855496168136597,0.16945667564868927,0.1685452163219452,0.1685469001531601,0.16762012243270874,0.16855496168136597,0.16945667564868927,recovery,False
0.42,0.425,0.4225,2,0.0,0.0,0.0,0.0,0.0,0.1902841329574585,0.19028478860855103,0.18983694911003113,0.1902841329574585,0.19073131680488586,0.1902841329574585,0.19028478860855103,0.18983694911003113,0.1902841329574585,0.19073131680488586,recovery,False
