phase,axis,coordinate_m,chrono_response_mm,genesis_response_mm,error_mm
loaded,x,-0.295,0.0,1.7212501764297485,1.7212501764297485
loaded,x,-0.29,0.0,1.345014214515686,1.345014214515686
loaded,x,-0.285,0.0,0.876093864440918,0.876093864440918
loaded,x,-0.27999999999999997,0.0,0.5448296666145325,0.5448296666145325
loaded,x,-0.27499999999999997,0.0,0.3634187877178192,0.3634187877178192
loaded,x,-0.27,0.0,0.312578409910202,0.312578409910202
loaded,x,-0.265,0.0,0.2869056165218353,0.2869056165218353
loaded,x,-0.26,0.0,0.26985490322113037,0.26985490322113037
loaded,x,-0.255,0.0,0.26132458448410034,0.26132458448410034
loaded,x,-0.25,0.0,0.2613450586795807,0.2613450586795807
loaded,x,-0.245,0.0,0.26902636885643005,0.26902636885643005
loaded,x,-0.24,0.0,0.28530165553092957,0.28530165553092957
loaded,x,-0.235,0.0,0.3040667474269867,0.3040667474269867
loaded,x,-0.22999999999999998,0.0,0.3216560482978821,0.3216560482978821
loaded,x,-0.22499999999999998,0.0,0.3381815552711487,0.3381815552711487
loaded,x,-0.21999999999999997,0.0,0.35363784432411194,0.35363784432411194
loaded,x,-0.21499999999999997,0.0,0.3681637942790985,0.3681637942790985
loaded,x,-0.21,0.0,0.3820408582687378,0.3820408582687378
loaded,x,-0.205,0.0,0.39544567465782166,0.39544567465782166
loaded,x,-0.19999999999999998,0.0,0.40841367840766907,0.40841367840766907
loaded,x,-0.195,0.0,0.4208856523036957,0.4208856523036957
loaded,x,-0.19,0.0,0.4332329332828522,0.4332329332828522
loaded,x,-0.185,0.0,0.4459523558616638,0.4459523558616638
loaded,x,-0.18,0.0,0.4591127038002014,0.4591127038002014
loaded,x,-0.175,0.0,0.4747423827648163,0.4747423827648163
loaded,x,-0.16999999999999998,0.0,0.49833738803863525,0.49833738803863525
loaded,x,-0.16499999999999998,0.0,0.5300150513648987,0.5300150513648987
loaded,x,-0.15999999999999998,0.0,0.5701897144317627,0.5701897144317627
loaded,x,-0.155,0.0,0.6214402318000793,0.6214402318000793
loaded,x,-0.15,0.0,0.6841698288917542,0.6841698288917542
loaded,x,-0.145,0.0,0.7564314603805542,0.7564314603805542
loaded,x,-0.13999999999999999,0.0,0.8336451053619385,0.8336451053619385
loaded,x,-0.13499999999999998,0.0,0.9157513380050659,0.9157513380050659
loaded,x,-0.12999999999999998,0.0,0.9994332194328308,0.9994332194328308
loaded,x,-0.12499999999999997,0.0,1.0743309259414673,1.0743309259414673
loaded,x,-0.12,0.0,1.1414382457733154,1.1414382457733154
loaded,x,-0.11499999999999999,0.0,1.1969331502914429,1.1969331502914429
loaded,x,-0.10999999999999999,0.0,1.2084017992019653,1.2084017992019653
loaded,x,-0.10499999999999998,0.0,1.0799815654754639,1.0799815654754639
loaded,x,-0.09999999999999998,0.0,0.8829793930053711,0.8829793930053711
loaded,x,-0.09499999999999997,0.0,0.5681412220001221,0.5681412220001221
loaded,x,-0.09,0.0,0.12113852798938751,0.12113852798938751
loaded,x,-0.08499999999999999,0.0,-0.5499793887138367,-0.5499793887138367
loaded,x,-0.07999999999999999,0.0,-1.4564309120178223,-1.4564309120178223
loaded,x,-0.07499999999999998,-11.030850410461426,-2.586857557296753,8.443992614746094
loaded,x,-0.06999999999999998,-16.259273529052734,-3.8191184997558594,12.440155029296875
loaded,x,-0.06499999999999997,-16.857080459594727,-5.615333080291748,11.24174690246582
loaded,x,-0.06,-18.343488693237305,-8.612186431884766,9.731302261352539
loaded,x,-0.05499999999999999,-18.920507431030273,-11.749545097351074,7.170962333679199
loaded,x,-0.04999999999999999,-19.47938346862793,-13.579687118530273,5.899696350097656
loaded,x,-0.044999999999999984,-20.021591186523438,-14.382522583007812,5.639068603515625
loaded,x,-0.03999999999999998,-20.546527862548828,-29.285079956054688,-8.73855209350586
loaded,x,-0.034999999999999976,-20.432857513427734,-14.60106372833252,5.831793785095215
loaded,x,-0.02999999999999997,-21.10179328918457,-14.699271202087402,6.402522087097168
loaded,x,-0.024999999999999967,-21.66817283630371,-14.743307113647461,6.92486572265625
loaded,x,-0.019999999999999962,-21.048898696899414,-14.741738319396973,6.307160377502441
loaded,x,-0.014999999999999958,-20.848297119140625,-14.73577880859375,6.112518310546875
loaded,x,-0.010000000000000009,-20.987348556518555,-14.729758262634277,6.257590293884277
loaded,x,-0.0050000000000000044,-20.006301879882812,-14.724510192871094,5.281791687011719
loaded,x,0.0,-18.486907958984375,-14.722626686096191,3.7642812728881836
loaded,x,0.0050000000000000044,-20.913816452026367,-14.724609375,6.189207077026367
loaded,x,0.010000000000000009,-21.183069229125977,-14.729952812194824,6.453116416931152
loaded,x,0.015000000000000013,-20.943275451660156,-14.736038208007812,6.207237243652344
loaded,x,0.020000000000000018,-21.278156280517578,-14.742057800292969,6.536098480224609
loaded,x,0.025000000000000022,-21.605607986450195,-14.743425369262695,6.8621826171875
loaded,x,0.030000000000000027,-21.005748748779297,-14.69900894165039,6.306739807128906
loaded,x,0.03500000000000003,-20.297489166259766,-14.600079536437988,5.697409629821777
loaded,x,0.040000000000000036,-20.284738540649414,-29.27862548828125,-8.993886947631836
loaded,x,0.04500000000000004,-19.69491958618164,-14.380509376525879,5.314410209655762
loaded,x,0.050000000000000044,-19.09845733642578,-13.577251434326172,5.521205902099609
loaded,x,0.05499999999999999,-18.499523162841797,-11.750690460205078,6.748832702636719
loaded,x,0.06,-17.902158737182617,-8.612357139587402,9.289801597595215
loaded,x,0.065,-17.302146911621094,-5.617887020111084,11.684259414672852
loaded,x,0.07,-16.06123924255371,-3.8254661560058594,12.235773086547852
loaded,x,0.07500000000000001,-10.878662109375,-2.5966947078704834,8.281967163085938
loaded,x,0.08000000000000002,0.0,-1.468870759010315,-1.468870759010315
loaded,x,0.08500000000000002,0.0,-0.5627859830856323,-0.5627859830856323
loaded,x,0.09000000000000002,0.0,0.10863569378852844,0.10863569378852844
loaded,x,0.09500000000000003,0.0,0.5562882423400879,0.5562882423400879
loaded,x,0.10000000000000003,0.0,0.8719799518585205,0.8719799518585205
loaded,x,0.10500000000000004,0.0,1.0698164701461792,1.0698164701461792
loaded,x,0.11000000000000004,0.0,1.201042652130127,1.201042652130127
loaded,x,0.11500000000000005,0.0,1.191107988357544,1.191107988357544
loaded,x,0.12,0.0,1.1370184421539307,1.1370184421539307
loaded,x,0.125,0.0,1.0707099437713623,1.0707099437713623
loaded,x,0.13,0.0,0.996036946773529,0.996036946773529
loaded,x,0.135,0.0,0.9123788475990295,0.9123788475990295
loaded,x,0.14,0.0,0.8306111097335815,0.8306111097335815
loaded,x,0.14500000000000002,0.0,0.7541521787643433,0.7541521787643433
loaded,x,0.15000000000000002,0.0,0.6828065514564514,0.6828065514564514
loaded,x,0.15500000000000003,0.0,0.6206346154212952,0.6206346154212952
loaded,x,0.16000000000000003,0.0,0.5695571899414062,0.5695571899414062
loaded,x,0.16500000000000004,0.0,0.5290458798408508,0.5290458798408508
loaded,x,0.17000000000000004,0.0,0.4971396327018738,0.4971396327018738
loaded,x,0.17500000000000004,0.0,0.4734136164188385,0.4734136164188385
loaded,x,0.18,0.0,0.45770397782325745,0.45770397782325745
loaded,x,0.185,0.0,0.4443710148334503,0.4443710148334503
loaded,x,0.19,0.0,0.4314008951187134,0.4314008951187134
loaded,x,0.195,0.0,0.41873660683631897,0.41873660683631897
loaded,x,0.2,0.0,0.4061677157878876,0.4061677157878876
loaded,x,0.20500000000000002,0.0,0.39357197284698486,0.39357197284698486
loaded,x,0.21000000000000002,0.0,0.38086503744125366,0.38086503744125366
loaded,x,0.21500000000000002,0.0,0.3675043284893036,0.3675043284893036
loaded,x,0.22000000000000003,0.0,0.3534274697303772,0.3534274697303772
loaded,x,0.22500000000000003,0.0,0.3381531536579132,0.3381531536579132
loaded,x,0.23000000000000004,0.0,0.32154953479766846,0.32154953479766846
loaded,x,0.23500000000000004,0.0,0.3036799728870392,0.3036799728870392
loaded,x,0.24000000000000005,0.0,0.28445425629615784,0.28445425629615784
loaded,x,0.24500000000000005,0.0,0.2674698531627655,0.2674698531627655
loaded,x,0.25000000000000006,0.0,0.2595977783203125,0.2595977783203125
loaded,x,0.25500000000000006,0.0,0.2596864402294159,0.2596864402294159
loaded,x,0.26000000000000006,0.0,0.2684764862060547,0.2684764862060547
loaded,x,0.26500000000000007,0.0,0.2855682969093323,0.2855682969093323
loaded,x,0.2700000000000001,0.0,0.3112080693244934,0.3112080693244934
loaded,x,0.2750000000000001,0.0,0.3614169657230377,0.3614169657230377
loaded,x,0.27999999999999997,0.0,0.5401777029037476,0.5401777029037476
loaded,x,0.285,0.0,0.8661490678787231,0.8661490678787231
loaded,x,0.29,0.0,1.328031063079834,1.328031063079834
loaded,x,0.295,0.0,1.6977859735488892,1.6977859735488892
loaded,y,-0.295,0.0,1.6207146644592285,1.6207146644592285
loaded,y,-0.29,0.0,1.2658613920211792,1.2658613920211792
loaded,y,-0.285,0.0,0.8237884640693665,0.8237884640693665
loaded,y,-0.27999999999999997,0.0,0.5097941160202026,0.5097941160202026
loaded,y,-0.27499999999999997,0.0,0.33623650670051575,0.33623650670051575
loaded,y,-0.27,0.0,0.2865418791770935,0.2865418791770935
loaded,y,-0.265,0.0,0.26214799284935,0.26214799284935
loaded,y,-0.26,0.0,0.24709367752075195,0.24709367752075195
loaded,y,-0.255,0.0,0.24116289615631104,0.24116289615631104
loaded,y,-0.25,0.0,0.24280202388763428,0.24280202388763428
loaded,y,-0.245,0.0,0.2508590817451477,0.2508590817451477
loaded,y,-0.24,0.0,0.26602640748023987,0.26602640748023987
loaded,y,-0.235,0.0,0.2835741639137268,0.2835741639137268
loaded,y,-0.22999999999999998,0.0,0.30126097798347473,0.30126097798347473
loaded,y,-0.22499999999999998,0.0,0.3190552890300751,0.3190552890300751
loaded,y,-0.21999999999999997,0.0,0.336042195558548,0.336042195558548
loaded,y,-0.21499999999999997,0.0,0.3520428538322449,0.3520428538322449
loaded,y,-0.21,0.0,0.36697709560394287,0.36697709560394287
loaded,y,-0.205,0.0,0.3814079761505127,0.3814079761505127
loaded,y,-0.19999999999999998,0.0,0.3957582712173462,0.3957582712173462
loaded,y,-0.195,0.0,0.4101031720638275,0.4101031720638275
loaded,y,-0.19,0.0,0.4243568181991577,0.4243568181991577
loaded,y,-0.185,0.0,0.43825554847717285,0.43825554847717285
loaded,y,-0.18,0.0,0.45171910524368286,0.45171910524368286
loaded,y,-0.175,0.0,0.4660571813583374,0.4660571813583374
loaded,y,-0.16999999999999998,0.0,0.48452889919281006,0.48452889919281006
loaded,y,-0.16499999999999998,0.0,0.5073099732398987,0.5073099732398987
loaded,y,-0.15999999999999998,0.0,0.5349423289299011,0.5349423289299011
loaded,y,-0.155,0.0,0.571134626865387,0.571134626865387
loaded,y,-0.15,0.0,0.6160763502120972,0.6160763502120972
loaded,y,-0.145,0.0,0.6685457229614258,0.6685457229614258
loaded,y,-0.13999999999999999,0.0,0.7253986597061157,0.7253986597061157
loaded,y,-0.13499999999999998,0.0,0.7866281270980835,0.7866281270980835
loaded,y,-0.12999999999999998,0.0,0.8498720526695251,0.8498720526695251
loaded,y,-0.12499999999999997,0.0,0.9080208539962769,0.9080208539962769
loaded,y,-0.12,0.0,0.9614881277084351,0.9614881277084351
loaded,y,-0.11499999999999999,0.0,1.007362961769104,1.007362961769104
loaded,y,-0.10999999999999999,0.0,1.0269612073898315,1.0269612073898315
loaded,y,-0.10499999999999998,0.0,1.020102858543396,1.020102858543396
loaded,y,-0.09999999999999998,0.0,0.8854168653488159,0.8854168653488159
loaded,y,-0.09499999999999997,0.0,0.7210178375244141,0.7210178375244141
loaded,y,-0.09,0.0,0.4834078252315521,0.4834078252315521
loaded,y,-0.08499999999999999,0.0,0.12201562523841858,0.12201562523841858
loaded,y,-0.07999999999999999,0.0,-0.3367187976837158,-0.3367187976837158
loaded,y,-0.07499999999999998,0.0,-0.9500401020050049,-0.9500401020050049
loaded,y,-0.06999999999999998,-10.74140453338623,-1.755353569984436,8.986050605773926
loaded,y,-0.06499999999999997,-16.853979110717773,-3.703760862350464,13.15021800994873
loaded,y,-0.06,-17.5450439453125,-7.384562969207764,10.160480499267578
loaded,y,-0.05499999999999999,-18.277687072753906,-11.199651718139648,7.078035354614258
loaded,y,-0.04999999999999999,-19.03680992126465,-13.319499969482422,5.717309951782227
loaded,y,-0.044999999999999984,-19.690120697021484,-14.264540672302246,5.425580024719238
loaded,y,-0.03999999999999998,-20.35672950744629,-17.572669982910156,2.784059524536133
loaded,y,-0.034999999999999976,-21.05678939819336,-14.538970947265625,6.517818450927734
loaded,y,-0.02999999999999997,-21.743263244628906,-14.670954704284668,7.072308540344238
loaded,y,-0.024999999999999967,-21.0102481842041,-14.734241485595703,6.276006698608398
loaded,y,-0.019999999999999962,-21.609041213989258,-14.740303039550781,6.868738174438477
loaded,y,-0.014999999999999958,-21.020362854003906,-14.738978385925293,6.281384468078613
loaded,y,-0.010000000000000009,-21.101192474365234,-14.735075950622559,6.366116523742676
loaded,y,-0.0050000000000000044,-20.94622802734375,-14.729308128356934,6.216919898986816
loaded,y,0.0,-20.101797103881836,-14.725045204162598,5.376751899719238
loaded,y,0.0050000000000000044,-18.486907958984375,-14.722626686096191,3.7642812728881836
loaded,y,0.010000000000000009,-20.354984283447266,-14.721501350402832,5.633482933044434
loaded,y,0.015000000000000013,-20.38987922668457,-14.71863842010498,5.67124080657959
loaded,y,0.020000000000000018,-20.572311401367188,-14.712989807128906,5.859321594238281
loaded,y,0.025000000000000022,-20.862911224365234,-14.70241641998291,6.160494804382324
loaded,y,0.030000000000000027,-21.807056427001953,-14.668436050415039,7.138620376586914
loaded,y,0.03500000000000003,-21.31836700439453,-14.606561660766602,6.71180534362793
loaded,y,0.040000000000000036,-20.765663146972656,-25.362239837646484,-4.596576690673828
loaded,y,0.04500000000000004,-20.158166885375977,-14.467267990112305,5.690898895263672
loaded,y,0.050000000000000044,-19.521465301513672,-13.904332160949707,5.617133140563965
loaded,y,0.05499999999999999,-18.87234878540039,-12.65835189819336,6.213996887207031
loaded,y,0.06,-18.474628448486328,-10.642834663391113,7.831793785095215
loaded,y,0.065,-17.60593032836914,-8.470831871032715,9.135098457336426
loaded,y,0.07,-16.999916076660156,-6.480398654937744,10.51951789855957
loaded,y,0.07500000000000001,-16.399295806884766,-4.369102478027344,12.030193328857422
loaded,y,0.08000000000000002,-10.91673755645752,-2.4301300048828125,8.486607551574707
loaded,y,0.08500000000000002,0.0,-0.9099735021591187,-0.9099735021591187
loaded,y,0.09000000000000002,0.0,0.06275173276662827,0.06275173276662827
loaded,y,0.09500000000000003,0.0,0.6708893775939941,0.6708893775939941
loaded,y,0.10000000000000003,0.0,1.0753527879714966,1.0753527879714966
loaded,y,0.10500000000000004,0.0,1.2949851751327515,1.2949851751327515
loaded,y,0.11000000000000004,0.0,1.3781949281692505,1.3781949281692505
loaded,y,0.11500000000000005,0.0,1.3974055051803589,1.3974055051803589
loaded,y,0.12,0.0,1.2694004774093628,1.2694004774093628
loaded,y,0.125,0.0,1.1747462749481201,1.1747462749481201
loaded,y,0.13,0.0,1.0763477087020874,1.0763477087020874
loaded,y,0.135,0.0,0.9732329249382019,0.9732329249382019
loaded,y,0.14,0.0,0.8762567043304443,0.8762567043304443
loaded,y,0.14500000000000002,0.0,0.7890417575836182,0.7890417575836182
loaded,y,0.15000000000000002,0.0,0.7107597589492798,0.7107597589492798
loaded,y,0.15500000000000003,0.0,0.6434562802314758,0.6434562802314758
loaded,y,0.16000000000000003,0.0,0.5888757705688477,0.5888757705688477
loaded,y,0.16500000000000004,0.0,0.5464766621589661,0.5464766621589661
loaded,y,0.17000000000000004,0.0,0.5126777291297913,0.5126777291297913
loaded,y,0.17500000000000004,0.0,0.48689261078834534,0.48689261078834534
loaded,y,0.18,0.0,0.4688953161239624,0.4688953161239624
loaded,y,0.185,0.0,0.45315736532211304,0.45315736532211304
loaded,y,0.19,0.0,0.43788430094718933,0.43788430094718933
loaded,y,0.195,0.0,0.4229538142681122,0.4229538142681122
loaded,y,0.2,0.0,0.4080020785331726,0.4080020785331726
loaded,y,0.20500000000000002,0.0,0.3931395709514618,0.3931395709514618
loaded,y,0.21000000000000002,0.0,0.37832799553871155,0.37832799553871155
loaded,y,0.21500000000000002,0.0,0.36286595463752747,0.36286595463752747
loaded,y,0.22000000000000003,0.0,0.34604552388191223,0.34604552388191223
loaded,y,0.22500000000000003,0.0,0.32784807682037354,0.32784807682037354
loaded,y,0.23000000000000004,0.0,0.3089946210384369,0.3089946210384369
loaded,y,0.23500000000000004,0.0,0.2905988395214081,0.2905988395214081
loaded,y,0.24000000000000005,0.0,0.2722417116165161,0.2722417116165161
loaded,y,0.24500000000000005,0.0,0.25676965713500977,0.25676965713500977
loaded,y,0.25000000000000006,0.0,0.2482975870370865,0.2482975870370865
loaded,y,0.25500000000000006,0.0,0.24622952938079834,0.24622952938079834
loaded,y,0.26000000000000006,0.0,0.252076119184494,0.252076119184494
loaded,y,0.26500000000000007,0.0,0.2686285376548767,0.2686285376548767
loaded,y,0.2700000000000001,0.0,0.2964361906051636,0.2964361906051636
loaded,y,0.2750000000000001,0.0,0.3513757288455963,0.3513757288455963
loaded,y,0.27999999999999997,0.0,0.5324053764343262,0.5324053764343262
loaded,y,0.285,0.0,0.856162965297699,0.856162965297699
loaded,y,0.29,0.0,1.3111785650253296,1.3111785650253296
loaded,y,0.295,0.0,1.6750043630599976,1.6750043630599976
residual,x,-0.295,0.0,1.9709079265594482,1.9709079265594482
residual,x,-0.29,0.0,1.565214991569519,1.565214991569519
residual,x,-0.285,0.0,1.057706594467163,1.057706594467163
residual,x,-0.27999999999999997,0.0,0.6968968510627747,0.6968968510627747
residual,x,-0.27499999999999997,0.0,0.495738685131073,0.495738685131073
residual,x,-0.27,0.0,0.43360382318496704,0.43360382318496704
residual,x,-0.265,0.0,0.3987770676612854,0.3987770676612854
residual,x,-0.26,0.0,0.3737903833389282,0.3737903833389282
residual,x,-0.255,0.0,0.35863345861434937,0.35863345861434937
residual,x,-0.25,0.0,0.3538471758365631,0.3538471758365631
residual,x,-0.245,0.0,0.3589102327823639,0.3589102327823639
residual,x,-0.24,0.0,0.3739530146121979,0.3739530146121979
residual,x,-0.235,0.0,0.39260804653167725,0.39260804653167725
residual,x,-0.22999999999999998,0.0,0.4105941653251648,0.4105941653251648
residual,x,-0.22499999999999998,0.0,0.4280289113521576,0.4280289113521576
residual,x,-0.21999999999999997,0.0,0.4452243149280548,0.4452243149280548
residual,x,-0.21499999999999997,0.0,0.4625355303287506,0.4625355303287506
residual,x,-0.21,0.0,0.480260968208313,0.480260968208313
residual,x,-0.205,0.0,0.4986087381839752,0.4986087381839752
residual,x,-0.19999999999999998,0.0,0.5176602602005005,0.5176602602005005
residual,x,-0.195,0.0,0.5373468995094299,0.5373468995094299
residual,x,-0.19,0.0,0.5578510165214539,0.5578510165214539
residual,x,-0.185,0.0,0.5793344974517822,0.5793344974517822
residual,x,-0.18,0.0,0.6018484234809875,0.6018484234809875
residual,x,-0.175,0.0,0.6280875205993652,0.6280875205993652
residual,x,-0.16999999999999998,0.0,0.6650044918060303,0.6650044918060303
residual,x,-0.16499999999999998,0.0,0.712796151638031,0.712796151638031
residual,x,-0.15999999999999998,0.0,0.7721000909805298,0.7721000909805298
residual,x,-0.155,0.0,0.846609354019165,0.846609354019165
residual,x,-0.15,0.0,0.9368891716003418,0.9368891716003418
residual,x,-0.145,0.0,1.0414069890975952,1.0414069890975952
residual,x,-0.13999999999999999,0.0,1.159594178199768,1.159594178199768
residual,x,-0.13499999999999998,0.0,1.2921481132507324,1.2921481132507324
residual,x,-0.12999999999999998,0.0,1.4359172582626343,1.4359172582626343
residual,x,-0.12499999999999997,0.0,1.5895864963531494,1.5895864963531494
residual,x,-0.12,0.0,1.7569730281829834,1.7569730281829834
residual,x,-0.11499999999999999,0.0,1.9347786903381348,1.9347786903381348
residual,x,-0.10999999999999999,0.0,2.2468459606170654,2.2468459606170654
residual,x,-0.10499999999999998,0.0,2.373828649520874,2.373828649520874
residual,x,-0.09999999999999998,0.0,2.4318482875823975,2.4318482875823975
residual,x,-0.09499999999999997,0.0,2.416555166244507,2.416555166244507
residual,x,-0.09,0.0,2.3117806911468506,2.3117806911468506
residual,x,-0.08499999999999999,0.0,2.0335962772369385,2.0335962772369385
residual,x,-0.07999999999999999,0.0,1.5604450702667236,1.5604450702667236
residual,x,-0.07499999999999998,-11.030850410461426,0.9388902187347412,11.969740867614746
residual,x,-0.06999999999999998,-16.259273529052734,-0.8802615404129028,15.379012107849121
residual,x,-0.06499999999999997,-16.857080459594727,-6.88203239440918,9.975048065185547
residual,x,-0.06,-18.343488693237305,-3.1005659103393555,15.24292278289795
residual,x,-0.05499999999999999,-18.920507431030273,-5.429837226867676,13.490670204162598
residual,x,-0.04999999999999999,-19.47938346862793,-6.447603225708008,13.031780242919922
residual,x,-0.044999999999999984,-20.021591186523438,-6.427215099334717,13.594375610351562
residual,x,-0.03999999999999998,-20.546527862548828,-5.773418426513672,14.773109436035156
residual,x,-0.034999999999999976,-20.432857513427734,-5.089407920837402,15.343449592590332
residual,x,-0.02999999999999997,-21.10179328918457,-14.050093650817871,7.051699638366699
residual,x,-0.024999999999999967,-21.66817283630371,-4.486663341522217,17.181509017944336
residual,x,-0.019999999999999962,-21.048898696899414,-3.9624083042144775,17.086490631103516
residual,x,-0.014999999999999958,-20.848297119140625,-3.553713321685791,17.294584274291992
residual,x,-0.010000000000000009,-20.987348556518555,-3.2606759071350098,17.726673126220703
residual,x,-0.0050000000000000044,-20.006301879882812,-3.0842061042785645,16.922096252441406
residual,x,0.0,-18.486907958984375,-3.0240182876586914,15.462889671325684
residual,x,0.0050000000000000044,-20.913816452026367,-3.0800352096557617,17.833782196044922
residual,x,0.010000000000000009,-21.183069229125977,-3.252393960952759,17.930675506591797
residual,x,0.015000000000000013,-20.943275451660156,-3.541666030883789,17.401609420776367
residual,x,0.020000000000000018,-21.278156280517578,-3.9466354846954346,17.331520080566406
residual,x,0.025000000000000022,-21.605607986450195,-4.467372417449951,17.138235092163086
residual,x,0.030000000000000027,-21.005748748779297,-14.026955604553223,6.978793144226074
residual,x,0.03500000000000003,-20.297489166259766,-5.065537452697754,15.231951713562012
residual,x,0.040000000000000036,-20.284738540649414,-5.74414587020874,14.540592193603516
residual,x,0.04500000000000004,-19.69491958618164,-6.40113639831543,13.293783187866211
residual,x,0.050000000000000044,-19.09845733642578,-6.422490119934082,12.6759672164917
residual,x,0.05499999999999999,-18.499523162841797,-5.409310340881348,13.09021282196045
residual,x,0.06,-17.902158737182617,-3.084200382232666,14.81795883178711
residual,x,0.065,-17.302146911621094,-6.863947868347168,10.438199043273926
residual,x,0.07,-16.06123924255371,-0.8696521520614624,15.191587448120117
residual,x,0.07500000000000001,-10.878662109375,0.9384371638298035,11.817099571228027
residual,x,0.08000000000000002,0.0,1.5560358762741089,1.5560358762741089
residual,x,0.08500000000000002,0.0,2.0261709690093994,2.0261709690093994
residual,x,0.09000000000000002,0.0,2.3051352500915527,2.3051352500915527
residual,x,0.09500000000000003,0.0,2.409524917602539,2.409524917602539
residual,x,0.10000000000000003,0.0,2.424622058868408,2.424622058868408
residual,x,0.10500000000000004,0.0,2.366300582885742,2.366300582885742
residual,x,0.11000000000000004,0.0,2.239655017852783,2.239655017852783
residual,x,0.11500000000000005,0.0,1.9285718202590942,1.9285718202590942
residual,x,0.12,0.0,1.7514533996582031,1.7514533996582031
residual,x,0.125,0.0,1.5844969749450684,1.5844969749450684
residual,x,0.13,0.0,1.4310420751571655,1.4310420751571655
residual,x,0.135,0.0,1.287559151649475,1.287559151649475
residual,x,0.14,0.0,1.1556193828582764,1.1556193828582764
residual,x,0.14500000000000002,0.0,1.0384784936904907,1.0384784936904907
residual,x,0.15000000000000002,0.0,0.935110330581665,0.935110330581665
residual,x,0.15500000000000003,0.0,0.8454745411872864,0.8454745411872864
residual,x,0.16000000000000003,0.0,0.7710555195808411,0.7710555195808411
residual,x,0.16500000000000004,0.0,0.7112147808074951,0.7112147808074951
residual,x,0.17000000000000004,0.0,0.6631166934967041,0.6631166934967041
residual,x,0.17500000000000004,0.0,0.6261904835700989,0.6261904835700989
residual,x,0.18,0.0,0.6001802682876587,0.6001802682876587
residual,x,0.185,0.0,0.5777266025543213,0.5777266025543213
residual,x,0.19,0.0,0.5560486912727356,0.5560486912727356
residual,x,0.195,0.0,0.5351161360740662,0.5351161360740662
residual,x,0.2,0.0,0.5152989029884338,0.5152989029884338
residual,x,0.20500000000000002,0.0,0.49683189392089844,0.49683189392089844
residual,x,0.21000000000000002,0.0,0.4796454906463623,0.4796454906463623
residual,x,0.21500000000000002,0.0,0.4629010856151581,0.4629010856151581
residual,x,0.22000000000000003,0.0,0.446283221244812,0.446283221244812
residual,x,0.22500000000000003,0.0,0.4292770028114319,0.4292770028114319
residual,x,0.23000000000000004,0.0,0.4116661250591278,0.4116661250591278
residual,x,0.23500000000000004,0.0,0.3933926820755005,0.3933926820755005
residual,x,0.24000000000000005,0.0,0.37434494495391846,0.37434494495391846
residual,x,0.24500000000000005,0.0,0.35869237780570984,0.35869237780570984
residual,x,0.25000000000000006,0.0,0.3534964621067047,0.3534964621067047
residual,x,0.25500000000000006,0.0,0.3584407866001129,0.3584407866001129
residual,x,0.26000000000000006,0.0,0.37388089299201965,0.37388089299201965
residual,x,0.26500000000000007,0.0,0.3988283574581146,0.3988283574581146
residual,x,0.2700000000000001,0.0,0.43345528841018677,0.43345528841018677
residual,x,0.2750000000000001,0.0,0.49468734860420227,0.49468734860420227
residual,x,0.27999999999999997,0.0,0.6927964091300964,0.6927964091300964
residual,x,0.285,0.0,1.047733187675476,1.047733187675476
residual,x,0.29,0.0,1.5475026369094849,1.5475026369094849
residual,x,0.295,0.0,1.9460781812667847,1.9460781812667847
residual,y,-0.295,0.0,1.8617873191833496,1.8617873191833496
residual,y,-0.29,0.0,1.4785106182098389,1.4785106182098389
residual,y,-0.285,0.0,0.9991642832756042,0.9991642832756042
residual,y,-0.27999999999999997,0.0,0.6562681198120117,0.6562681198120117
residual,y,-0.27499999999999997,0.0,0.46299466490745544,0.46299466490745544
residual,y,-0.27,0.0,0.4017188847064972,0.4017188847064972
residual,y,-0.265,0.0,0.3680044412612915,0.3680044412612915
residual,y,-0.26,0.0,0.34505805373191833,0.34505805373191833
residual,y,-0.255,0.0,0.33263808488845825,0.33263808488845825
residual,y,-0.25,0.0,0.32928574085235596,0.32928574085235596
residual,y,-0.245,0.0,0.33407828211784363,0.33407828211784363
residual,y,-0.24,0.0,0.3468981683254242,0.3468981683254242
residual,y,-0.235,0.0,0.36372965574264526,0.36372965574264526
residual,y,-0.22999999999999998,0.0,0.38240984082221985,0.38240984082221985
residual,y,-0.22499999999999998,0.0,0.4029071629047394,0.4029071629047394
residual,y,-0.21999999999999997,0.0,0.42330384254455566,0.42330384254455566
residual,y,-0.21499999999999997,0.0,0.442687064409256,0.442687064409256
residual,y,-0.21,0.0,0.460988849401474,0.460988849401474
residual,y,-0.205,0.0,0.4793397784233093,0.4793397784233093
residual,y,-0.19999999999999998,0.0,0.4987472891807556,0.4987472891807556
residual,y,-0.195,0.0,0.519277811050415,0.519277811050415
residual,y,-0.19,0.0,0.5407845377922058,0.5407845377922058
residual,y,-0.185,0.0,0.5628968477249146,0.5628968477249146
residual,y,-0.18,0.0,0.5855281949043274,0.5855281949043274
residual,y,-0.175,0.0,0.6101729869842529,0.6101729869842529
residual,y,-0.16999999999999998,0.0,0.6405655741691589,0.6405655741691589
residual,y,-0.16499999999999998,0.0,0.6768912672996521,0.6768912672996521
residual,y,-0.15999999999999998,0.0,0.7200952172279358,0.7200952172279358
residual,y,-0.155,0.0,0.7754688858985901,0.7754688858985901
residual,y,-0.15,0.0,0.8433436751365662,0.8433436751365662
residual,y,-0.145,0.0,0.9229425191879272,0.9229425191879272
residual,y,-0.13999999999999999,0.0,1.014385461807251,1.014385461807251
residual,y,-0.13499999999999998,0.0,1.118245244026184,1.118245244026184
residual,y,-0.12999999999999998,0.0,1.2325432300567627,1.2325432300567627
residual,y,-0.12499999999999997,0.0,1.358594298362732,1.358594298362732
residual,y,-0.12,0.0,1.4994813203811646,1.4994813203811646
residual,y,-0.11499999999999999,0.0,1.6522190570831299,1.6522190570831299
residual,y,-0.10999999999999999,0.0,1.8061878681182861,1.8061878681182861
residual,y,-0.10499999999999998,0.0,2.134380340576172,2.134380340576172
residual,y,-0.09999999999999998,0.0,2.2719027996063232,2.2719027996063232
residual,y,-0.09499999999999997,0.0,2.3930928707122803,2.3930928707122803
residual,y,-0.09,0.0,2.4872894287109375,2.4872894287109375
residual,y,-0.08499999999999999,0.0,2.503408670425415,2.503408670425415
residual,y,-0.07999999999999999,0.0,2.4828436374664307,2.4828436374664307
residual,y,-0.07499999999999998,0.0,2.352886199951172,2.352886199951172
residual,y,-0.06999999999999998,-10.74140453338623,2.062653064727783,12.804058074951172
residual,y,-0.06499999999999997,-16.853979110717773,-5.634559631347656,11.219419479370117
residual,y,-0.06,-17.5450439453125,-2.252805709838867,15.292238235473633
residual,y,-0.05499999999999999,-18.277687072753906,-5.34308385848999,12.934602737426758
residual,y,-0.04999999999999999,-19.03680992126465,-6.724598407745361,12.312211990356445
residual,y,-0.044999999999999984,-19.690120697021484,-6.881735801696777,12.808384895324707
residual,y,-0.03999999999999998,-20.35672950744629,-6.267209053039551,14.089520454406738
residual,y,-0.034999999999999976,-21.05678939819336,-5.584958553314209,15.471830368041992
residual,y,-0.02999999999999997,-21.743263244628906,-19.14180564880371,2.6014575958251953
residual,y,-0.024999999999999967,-21.0102481842041,-4.942761421203613,16.067485809326172
residual,y,-0.019999999999999962,-21.609041213989258,-4.343841075897217,17.265199661254883
residual,y,-0.014999999999999958,-21.020362854003906,-3.8490495681762695,17.171314239501953
residual,y,-0.010000000000000009,-21.101192474365234,-3.469019651412964,17.632173538208008
residual,y,-0.0050000000000000044,-20.94622802734375,-3.203158378601074,17.74306869506836
residual,y,0.0,-20.101797103881836,-3.054764986038208,17.04703140258789
residual,y,0.0050000000000000044,-18.486907958984375,-3.0240182876586914,15.462889671325684
residual,y,0.010000000000000009,-20.354984283447266,-3.111203193664551,17.24378204345703
residual,y,0.015000000000000013,-20.38987922668457,-3.3187594413757324,17.07111930847168
residual,y,0.020000000000000018,-20.572311401367188,-3.6450765132904053,16.927234649658203
residual,y,0.025000000000000022,-20.862911224365234,-4.0955634117126465,16.76734733581543
residual,y,0.030000000000000027,-21.807056427001953,-8.967255592346191,12.839800834655762
residual,y,0.03500000000000003,-21.31836700439453,-4.674096584320068,16.644269943237305
residual,y,0.040000000000000036,-20.765663146972656,-5.382239818572998,15.3834228515625
residual,y,0.04500000000000004,-20.158166885375977,-6.1353960037231445,14.022770881652832
residual,y,0.050000000000000044,-19.521465301513672,-6.45482873916626,13.06663703918457
residual,y,0.05499999999999999,-18.87234878540039,-6.102536201477051,12.76981258392334
residual,y,0.06,-18.474628448486328,-4.977610111236572,13.497018814086914
residual,y,0.065,-17.60593032836914,-8.82939338684082,8.77653694152832
residual,y,0.07,-16.999916076660156,-3.609835624694824,13.390080451965332
residual,y,0.07500000000000001,-16.399295806884766,-0.7671148777008057,15.632181167602539
residual,y,0.08000000000000002,-10.91673755645752,0.6586592793464661,11.575396537780762
residual,y,0.08500000000000002,0.0,1.758841872215271,1.758841872215271
residual,y,0.09000000000000002,0.0,2.350966691970825,2.350966691970825
residual,y,0.09500000000000003,0.0,2.6144776344299316,2.6144776344299316
residual,y,0.10000000000000003,0.0,2.7141075134277344,2.7141075134277344
residual,y,0.10500000000000004,0.0,2.666186809539795,2.666186809539795
residual,y,0.11000000000000004,0.0,2.515697479248047,2.515697479248047
residual,y,0.11500000000000005,0.0,2.335843563079834,2.335843563079834
residual,y,0.12,0.0,1.9113317728042603,1.9113317728042603
residual,y,0.125,0.0,1.7070800065994263,1.7070800065994263
residual,y,0.13,0.0,1.5231300592422485,1.5231300592422485
residual,y,0.135,0.0,1.3551764488220215,1.3551764488220215
residual,y,0.14,0.0,1.2046138048171997,1.2046138048171997
residual,y,0.14500000000000002,0.0,1.074973702430725,1.074973702430725
residual,y,0.15000000000000002,0.0,0.9643166661262512,0.9643166661262512
residual,y,0.15500000000000003,0.0,0.8694992065429688,0.8694992065429688
residual,y,0.16000000000000003,0.0,0.7916210293769836,0.7916210293769836
residual,y,0.16500000000000004,0.0,0.7299892902374268,0.7299892902374268
residual,y,0.17000000000000004,0.0,0.6798150539398193,0.6798150539398193
residual,y,0.17500000000000004,0.0,0.6402345895767212,0.6402345895767212
residual,y,0.18,0.0,0.6109775900840759,0.6109775900840759
residual,y,0.185,0.0,0.5854157209396362,0.5854157209396362
residual,y,0.19,0.0,0.5613487362861633,0.5613487362861633
residual,y,0.195,0.0,0.5386372804641724,0.5386372804641724
residual,y,0.2,0.0,0.5169271230697632,0.5169271230697632
residual,y,0.20500000000000002,0.0,0.4963347315788269,0.4963347315788269
residual,y,0.21000000000000002,0.0,0.4768207371234894,0.4768207371234894
residual,y,0.21500000000000002,0.0,0.45735132694244385,0.45735132694244385
residual,y,0.22000000000000003,0.0,0.4368661046028137,0.4368661046028137
residual,y,0.22500000000000003,0.0,0.415309876203537,0.415309876203537
residual,y,0.23000000000000004,0.0,0.3939724862575531,0.3939724862575531
residual,y,0.23500000000000004,0.0,0.3746982514858246,0.3746982514858246
residual,y,0.24000000000000005,0.0,0.3570253551006317,0.3570253551006317
residual,y,0.24500000000000005,0.0,0.34385743737220764,0.34385743737220764
residual,y,0.25000000000000006,0.0,0.3385680019855499,0.3385680019855499
residual,y,0.25500000000000006,0.0,0.3414889872074127,0.3414889872074127
residual,y,0.26000000000000006,0.0,0.3538746237754822,0.3538746237754822
residual,y,0.26500000000000007,0.0,0.37841930985450745,0.37841930985450745
residual,y,0.2700000000000001,0.0,0.4156677722930908,0.4156677722930908
residual,y,0.2750000000000001,0.0,0.4823957085609436,0.4823957085609436
residual,y,0.27999999999999997,0.0,0.6835276484489441,0.6835276484489441
residual,y,0.285,0.0,1.0367776155471802,1.0367776155471802
residual,y,0.29,0.0,1.5300207138061523,1.5300207138061523
residual,y,0.295,0.0,1.9228637218475342,1.9228637218475342
recovery,x,-0.295,0.0,0.2496577501296997,0.2496577501296997
recovery,x,-0.29,0.0,0.220200777053833,0.220200777053833
recovery,x,-0.285,0.0,0.18161273002624512,0.18161273002624512
recovery,x,-0.27999999999999997,0.0,0.1520671844482422,0.1520671844482422
recovery,x,-0.27499999999999997,0.0,0.13231989741325378,0.13231989741325378
recovery,x,-0.27,0.0,0.12102541327476501,0.12102541327476501
recovery,x,-0.265,0.0,0.11187145113945007,0.11187145113945007
recovery,x,-0.26,0.0,0.10393548011779785,0.10393548011779785
recovery,x,-0.255,0.0,0.09730887413024902,0.09730887413024902
recovery,x,-0.25,0.0,0.09250211715698242,0.09250211715698242
recovery,x,-0.245,0.0,0.08988386392593384,0.08988386392593384
recovery,x,-0.24,0.0,0.08865135908126831,0.08865135908126831
recovery,x,-0.235,0.0,0.08854129910469055,0.08854129910469055
recovery,x,-0.22999999999999998,0.0,0.08893811702728271,0.08893811702728271
recovery,x,-0.22499999999999998,0.0,0.08984735608100891,0.08984735608100891
recovery,x,-0.21999999999999997,0.0,0.09158647060394287,0.09158647060394287
recovery,x,-0.21499999999999997,0.0,0.0943717360496521,0.0943717360496521
recovery,x,-0.21,0.0,0.0982201099395752,0.0982201099395752
recovery,x,-0.205,0.0,0.10316306352615356,0.10316306352615356
recovery,x,-0.19999999999999998,0.0,0.10924658179283142,0.10924658179283142
recovery,x,-0.195,0.0,0.11646124720573425,0.11646124720573425
recovery,x,-0.19,0.0,0.12461808323860168,0.12461808323860168
recovery,x,-0.185,0.0,0.1333821415901184,0.1333821415901184
recovery,x,-0.18,0.0,0.14273571968078613,0.14273571968078613
recovery,x,-0.175,0.0,0.15334513783454895,0.15334513783454895
recovery,x,-0.16999999999999998,0.0,0.16666710376739502,0.16666710376739502
recovery,x,-0.16499999999999998,0.0,0.18278110027313232,0.18278110027313232
recovery,x,-0.15999999999999998,0.0,0.2019103765487671,0.2019103765487671
recovery,x,-0.155,0.0,0.2251691222190857,0.2251691222190857
recovery,x,-0.15,0.0,0.25271934270858765,0.25271934270858765
recovery,x,-0.145,0.0,0.284975528717041,0.284975528717041
recovery,x,-0.13999999999999999,0.0,0.3259490728378296,0.3259490728378296
recovery,x,-0.13499999999999998,0.0,0.3763967752456665,0.3763967752456665
recovery,x,-0.12999999999999998,0.0,0.43648403882980347,0.43648403882980347
recovery,x,-0.12499999999999997,0.0,0.5152555704116821,0.5152555704116821
recovery,x,-0.12,0.0,0.615534782409668,0.615534782409668
recovery,x,-0.11499999999999999,0.0,0.7378455400466919,0.7378455400466919
recovery,x,-0.10999999999999999,0.0,1.0384441614151,1.0384441614151
recovery,x,-0.10499999999999998,0.0,1.2938470840454102,1.2938470840454102
recovery,x,-0.09999999999999998,0.0,1.5488688945770264,1.5488688945770264
recovery,x,-0.09499999999999997,0.0,1.8484139442443848,1.8484139442443848
recovery,x,-0.09,0.0,2.1906421184539795,2.1906421184539795
recovery,x,-0.08499999999999999,0.0,2.58357572555542,2.58357572555542
recovery,x,-0.07999999999999999,0.0,3.016875982284546,3.016875982284546
recovery,x,-0.07499999999999998,0.0,3.525747776031494,3.525747776031494
recovery,x,-0.06999999999999998,0.0,2.938857078552246,2.938857078552246
recovery,x,-0.06499999999999997,0.0,-1.2666993141174316,-1.2666993141174316
recovery,x,-0.06,0.0,5.51162052154541,5.51162052154541
recovery,x,-0.05499999999999999,0.0,6.319707870483398,6.319707870483398
recovery,x,-0.04999999999999999,0.0,7.132083892822266,7.132083892822266
recovery,x,-0.044999999999999984,0.0,7.955307483673096,7.955307483673096
recovery,x,-0.03999999999999998,0.0,23.511661529541016,23.511661529541016
recovery,x,-0.034999999999999976,0.0,9.511655807495117,9.511655807495117
recovery,x,-0.02999999999999997,0.0,0.6491775512695312,0.6491775512695312
recovery,x,-0.024999999999999967,0.0,10.256643295288086,10.256643295288086
recovery,x,-0.019999999999999962,0.0,10.779330253601074,10.779330253601074
recovery,x,-0.014999999999999958,0.0,11.182065963745117,11.182065963745117
recovery,x,-0.010000000000000009,0.0,11.46908187866211,11.46908187866211
recovery,x,-0.0050000000000000044,0.0,11.640304565429688,11.640304565429688
recovery,x,0.0,0.0,11.6986083984375,11.6986083984375
recovery,x,0.0050000000000000044,0.0,11.644574165344238,11.644574165344238
recovery,x,0.010000000000000009,0.0,11.477559089660645,11.477559089660645
recovery,x,0.015000000000000013,0.0,11.194372177124023,11.194372177124023
recovery,x,0.020000000000000018,0.0,10.795422554016113,10.795422554016113
recovery,x,0.025000000000000022,0.0,10.276052474975586,10.276052474975586
recovery,x,0.030000000000000027,0.0,0.672053337097168,0.672053337097168
recovery,x,0.03500000000000003,0.0,9.534542083740234,9.534542083740234
recovery,x,0.040000000000000036,0.0,23.53447914123535,23.53447914123535
recovery,x,0.04500000000000004,0.0,7.979372978210449,7.979372978210449
recovery,x,0.050000000000000044,0.0,7.15476131439209,7.15476131439209
recovery,x,0.05499999999999999,0.0,6.3413801193237305,6.3413801193237305
recovery,x,0.06,0.0,5.528156757354736,5.528156757354736
recovery,x,0.065,0.0,-1.246060848236084,-1.246060848236084
recovery,x,0.07,0.0,2.9558138847351074,2.9558138847351074
recovery,x,0.07500000000000001,0.0,3.5351319313049316,3.5351319313049316
recovery,x,0.08000000000000002,0.0,3.024906635284424,3.024906635284424
recovery,x,0.08500000000000002,0.0,2.588956832885742,2.588956832885742
recovery,x,0.09000000000000002,0.0,2.1964995861053467,2.1964995861053467
recovery,x,0.09500000000000003,0.0,1.8532366752624512,1.8532366752624512
recovery,x,0.10000000000000003,0.0,1.5526421070098877,1.5526421070098877
recovery,x,0.10500000000000004,0.0,1.296484112739563,1.296484112739563
recovery,x,0.11000000000000004,0.0,1.0386123657226562,1.0386123657226562
recovery,x,0.11500000000000005,0.0,0.7374638319015503,0.7374638319015503
recovery,x,0.12,0.0,0.6144349575042725,0.6144349575042725
recovery,x,0.125,0.0,0.513787031173706,0.513787031173706
recovery,x,0.13,0.0,0.4350051283836365,0.4350051283836365
recovery,x,0.135,0.0,0.37518030405044556,0.37518030405044556
recovery,x,0.14,0.0,0.3250082731246948,0.3250082731246948
recovery,x,0.14500000000000002,0.0,0.28432631492614746,0.28432631492614746
recovery,x,0.15000000000000002,0.0,0.2523037791252136,0.2523037791252136
recovery,x,0.15500000000000003,0.0,0.2248399257659912,0.2248399257659912
recovery,x,0.16000000000000003,0.0,0.20149832963943481,0.20149832963943481
recovery,x,0.16500000000000004,0.0,0.1821689009666443,0.1821689009666443
recovery,x,0.17000000000000004,0.0,0.16597706079483032,0.16597706079483032
recovery,x,0.17500000000000004,0.0,0.15277686715126038,0.15277686715126038
recovery,x,0.18,0.0,0.14247629046440125,0.14247629046440125
recovery,x,0.185,0.0,0.13335558772087097,0.13335558772087097
recovery,x,0.19,0.0,0.12464779615402222,0.12464779615402222
recovery,x,0.195,0.0,0.11637952923774719,0.11637952923774719
recovery,x,0.2,0.0,0.10913118720054626,0.10913118720054626
recovery,x,0.20500000000000002,0.0,0.10325992107391357,0.10325992107391357
recovery,x,0.21000000000000002,0.0,0.09878045320510864,0.09878045320510864
recovery,x,0.21500000000000002,0.0,0.09539675712585449,0.09539675712585449
recovery,x,0.22000000000000003,0.0,0.09285575151443481,0.09285575151443481
recovery,x,0.22500000000000003,0.0,0.09112384915351868,0.09112384915351868
recovery,x,0.23000000000000004,0.0,0.09011659026145935,0.09011659026145935
recovery,x,0.23500000000000004,0.0,0.0897127091884613,0.0897127091884613
recovery,x,0.24000000000000005,0.0,0.08989068865776062,0.08989068865776062
recovery,x,0.24500000000000005,0.0,0.09122252464294434,0.09122252464294434
recovery,x,0.25000000000000006,0.0,0.09389868378639221,0.09389868378639221
recovery,x,0.25500000000000006,0.0,0.09875434637069702,0.09875434637069702
recovery,x,0.26000000000000006,0.0,0.10540440678596497,0.10540440678596497
recovery,x,0.26500000000000007,0.0,0.11326006054878235,0.11326006054878235
recovery,x,0.2700000000000001,0.0,0.12224721908569336,0.12224721908569336
recovery,x,0.2750000000000001,0.0,0.13327038288116455,0.13327038288116455
recovery,x,0.27999999999999997,0.0,0.15261870622634888,0.15261870622634888
recovery,x,0.285,0.0,0.18158411979675293,0.18158411979675293
recovery,x,0.29,0.0,0.21947157382965088,0.21947157382965088
recovery,x,0.295,0.0,0.2482922077178955,0.2482922077178955
recovery,y,-0.295,0.0,0.2410726547241211,0.2410726547241211
recovery,y,-0.29,0.0,0.21264922618865967,0.21264922618865967
recovery,y,-0.285,0.0,0.1753758192062378,0.1753758192062378
recovery,y,-0.27999999999999997,0.0,0.14647400379180908,0.14647400379180908
recovery,y,-0.27499999999999997,0.0,0.1267581582069397,0.1267581582069397
recovery,y,-0.27,0.0,0.11517700552940369,0.11517700552940369
recovery,y,-0.265,0.0,0.10585644841194153,0.10585644841194153
recovery,y,-0.26,0.0,0.09796437621116638,0.09796437621116638
recovery,y,-0.255,0.0,0.09147518873214722,0.09147518873214722
recovery,y,-0.25,0.0,0.08648371696472168,0.08648371696472168
recovery,y,-0.245,0.0,0.08321920037269592,0.08321920037269592
recovery,y,-0.24,0.0,0.08087176084518433,0.08087176084518433
recovery,y,-0.235,0.0,0.08015549182891846,0.08015549182891846
recovery,y,-0.22999999999999998,0.0,0.08114886283874512,0.08114886283874512
recovery,y,-0.22499999999999998,0.0,0.0838518738746643,0.0838518738746643
recovery,y,-0.21999999999999997,0.0,0.08726164698600769,0.08726164698600769
recovery,y,-0.21499999999999997,0.0,0.09064421057701111,0.09064421057701111
recovery,y,-0.21,0.0,0.09401175379753113,0.09401175379753113
recovery,y,-0.205,0.0,0.09793180227279663,0.09793180227279663
recovery,y,-0.19999999999999998,0.0,0.10298901796340942,0.10298901796340942
recovery,y,-0.195,0.0,0.10917463898658752,0.10917463898658752
recovery,y,-0.19,0.0,0.1164277195930481,0.1164277195930481
recovery,y,-0.185,0.0,0.1246412992477417,0.1246412992477417
recovery,y,-0.18,0.0,0.13380908966064453,0.13380908966064453
recovery,y,-0.175,0.0,0.14411580562591553,0.14411580562591553
recovery,y,-0.16999999999999998,0.0,0.15603667497634888,0.15603667497634888
recovery,y,-0.16499999999999998,0.0,0.16958129405975342,0.16958129405975342
recovery,y,-0.15999999999999998,0.0,0.18515288829803467,0.18515288829803467
recovery,y,-0.155,0.0,0.20433425903320312,0.20433425903320312
recovery,y,-0.15,0.0,0.227267324924469,0.227267324924469
recovery,y,-0.145,0.0,0.25439679622650146,0.25439679622650146
recovery,y,-0.13999999999999999,0.0,0.28898680210113525,0.28898680210113525
recovery,y,-0.13499999999999998,0.0,0.3316171169281006,0.3316171169281006
recovery,y,-0.12999999999999998,0.0,0.38267117738723755,0.38267117738723755
recovery,y,-0.12499999999999997,0.0,0.4505734443664551,0.4505734443664551
recovery,y,-0.12,0.0,0.5379931926727295,0.5379931926727295
recovery,y,-0.11499999999999999,0.0,0.6448560953140259,0.6448560953140259
recovery,y,-0.10999999999999999,0.0,0.7792266607284546,0.7792266607284546
recovery,y,-0.10499999999999998,0.0,1.1142774820327759,1.1142774820327759
recovery,y,-0.09999999999999998,0.0,1.3864859342575073,1.3864859342575073
recovery,y,-0.09499999999999997,0.0,1.6720750331878662,1.6720750331878662
recovery,y,-0.09,0.0,2.0038816928863525,2.0038816928863525
recovery,y,-0.08499999999999999,0.0,2.3813929557800293,2.3813929557800293
recovery,y,-0.07999999999999999,0.0,2.8195624351501465,2.8195624351501465
recovery,y,-0.07499999999999998,0.0,3.3029263019561768,3.3029263019561768
recovery,y,-0.06999999999999998,0.0,3.8180065155029297,3.8180065155029297
recovery,y,-0.06499999999999997,0.0,-1.9307987689971924,-1.9307987689971924
recovery,y,-0.06,0.0,5.1317572593688965,5.1317572593688965
recovery,y,-0.05499999999999999,0.0,5.856567859649658,5.856567859649658
recovery,y,-0.04999999999999999,0.0,6.5949015617370605,6.5949015617370605
recovery,y,-0.044999999999999984,0.0,7.382804870605469,7.382804870605469
recovery,y,-0.03999999999999998,0.0,11.305460929870605,11.305460929870605
recovery,y,-0.034999999999999976,0.0,8.954011917114258,8.954011917114258
recovery,y,-0.02999999999999997,0.0,-4.470850944519043,-4.470850944519043
recovery,y,-0.024999999999999967,0.0,9.79148006439209,9.79148006439209
recovery,y,-0.019999999999999962,0.0,10.396461486816406,10.396461486816406
recovery,y,-0.014999999999999958,0.0,10.889928817749023,10.889928817749023
recovery,y,-0.010000000000000009,0.0,11.266056060791016,11.266056060791016
recovery,y,-0.0050000000000000044,0.0,11.52614974975586,11.52614974975586
recovery,y,0.0,0.0,11.670280456542969,11.670280456542969
recovery,y,0.0050000000000000044,0.0,11.6986083984375,11.6986083984375
recovery,y,0.010000000000000009,0.0,11.610298156738281,11.610298156738281
recovery,y,0.015000000000000013,0.0,11.399879455566406,11.399879455566406
recovery,y,0.020000000000000018,0.0,11.067913055419922,11.067913055419922
recovery,y,0.025000000000000022,0.0,10.606853485107422,10.606853485107422
recovery,y,0.030000000000000027,0.0,5.701180458068848,5.701180458068848
recovery,y,0.03500000000000003,0.0,9.932464599609375,9.932464599609375
recovery,y,0.040000000000000036,0.0,19.979999542236328,19.979999542236328
recovery,y,0.04500000000000004,0.0,8.33187198638916,8.33187198638916
recovery,y,0.050000000000000044,0.0,7.449503421783447,7.449503421783447
recovery,y,0.05499999999999999,0.0,6.555815696716309,6.555815696716309
recovery,y,0.06,0.0,5.665224552154541,5.665224552154541
recovery,y,0.065,0.0,-0.35856151580810547,-0.35856151580810547
recovery,y,0.07,0.0,2.87056303024292,2.87056303024292
recovery,y,0.07500000000000001,0.0,3.601987600326538,3.601987600326538
recovery,y,0.08000000000000002,0.0,3.088789224624634,3.088789224624634
recovery,y,0.08500000000000002,0.0,2.6688153743743896,2.6688153743743896
recovery,y,0.09000000000000002,0.0,2.288214921951294,2.288214921951294
recovery,y,0.09500000000000003,0.0,1.9435882568359375,1.9435882568359375
recovery,y,0.10000000000000003,0.0,1.6387547254562378,1.6387547254562378
recovery,y,0.10500000000000004,0.0,1.3712016344070435,1.3712016344070435
recovery,y,0.11000000000000004,0.0,1.1375025510787964,1.1375025510787964
recovery,y,0.11500000000000005,0.0,0.9384380578994751,0.9384380578994751
recovery,y,0.12,0.0,0.6419312953948975,0.6419312953948975
recovery,y,0.125,0.0,0.5323337316513062,0.5323337316513062
recovery,y,0.13,0.0,0.44678235054016113,0.44678235054016113
recovery,y,0.135,0.0,0.3819435238838196,0.3819435238838196
recovery,y,0.14,0.0,0.32835710048675537,0.32835710048675537
recovery,y,0.14500000000000002,0.0,0.28593194484710693,0.28593194484710693
recovery,y,0.15000000000000002,0.0,0.25355690717697144,0.25355690717697144
recovery,y,0.15500000000000003,0.0,0.22604292631149292,0.22604292631149292
recovery,y,0.16000000000000003,0.0,0.202745258808136,0.202745258808136
recovery,y,0.16500000000000004,0.0,0.1835126280784607,0.1835126280784607
recovery,y,0.17000000000000004,0.0,0.16713732481002808,0.16713732481002808
recovery,y,0.17500000000000004,0.0,0.15334197878837585,0.15334197878837585
recovery,y,0.18,0.0,0.14208227396011353,0.14208227396011353
recovery,y,0.185,0.0,0.1322583556175232,0.1322583556175232
recovery,y,0.19,0.0,0.123464435338974,0.123464435338974
recovery,y,0.195,0.0,0.11568346619606018,0.11568346619606018
recovery,y,0.2,0.0,0.10892504453659058,0.10892504453659058
recovery,y,0.20500000000000002,0.0,0.10319516062736511,0.10319516062736511
recovery,y,0.21000000000000002,0.0,0.09849274158477783,0.09849274158477783
recovery,y,0.21500000000000002,0.0,0.09448537230491638,0.09448537230491638
recovery,y,0.22000000000000003,0.0,0.09082058072090149,0.09082058072090149
recovery,y,0.22500000000000003,0.0,0.08746179938316345,0.08746179938316345
recovery,y,0.23000000000000004,0.0,0.08497786521911621,0.08497786521911621
recovery,y,0.23500000000000004,0.0,0.0840994119644165,0.0840994119644165
recovery,y,0.24000000000000005,0.0,0.0847836434841156,0.0847836434841156
recovery,y,0.24500000000000005,0.0,0.08708778023719788,0.08708778023719788
recovery,y,0.25000000000000006,0.0,0.09027041494846344,0.09027041494846344
recovery,y,0.25500000000000006,0.0,0.09525945782661438,0.09525945782661438
recovery,y,0.26000000000000006,0.0,0.10179850459098816,0.10179850459098816
recovery,y,0.26500000000000007,0.0,0.10979077219963074,0.10979077219963074
recovery,y,0.2700000000000001,0.0,0.11923158168792725,0.11923158168792725
recovery,y,0.2750000000000001,0.0,0.1310199797153473,0.1310199797153473
recovery,y,0.27999999999999997,0.0,0.15112227201461792,0.15112227201461792
recovery,y,0.285,0.0,0.1806146502494812,0.1806146502494812
recovery,y,0.29,0.0,0.21884214878082275,0.21884214878082275
recovery,y,0.295,0.0,0.24785935878753662,0.24785935878753662
