step,time,x,y,z,command_x,command_y,command_z,depth,bottom_z,command_bottom_z
0,0.0,0.0,0.0,-2.4452054500579834,0.0,0.0,-2.4452054119110107,0.0,-2.4652054500579834,-2.4652054119110107
80,0.02,-1.7852852352007176e-07,-4.143853971072531e-08,-2.4452054500579834,0.0,0.0,-2.4452054119110107,0.0,-2.4652054500579834,-2.4652054119110107
160,0.04,-2.8843192012573127e-07,-8.515884530879703e-08,-2.4452054500579834,0.0,0.0,-2.4452054119110107,0.0,-2.4652054500579834,-2.4652054119110107
240,0.06,-2.1340765954391827e-07,-7.818833580586215e-08,-2.4452054500579834,0.0,0.0,-2.4452054119110107,0.0,-2.4652054500579834,-2.4652054119110107
320,0.08,-1.7268489216348826e-07,-1.1676797839754727e-07,-2.4452054500579834,0.0,0.0,-2.4452054119110107,0.0,-2.4652054500579834,-2.4652054119110107
400,0.1,-8.20442522808662e-08,-1.1604117133856562e-07,-2.4452054500579834,0.0,0.0,-2.4452054119110107,0.0,-2.4652054500579834,-2.4652054119110107
480,0.12,-1.1317423798118398e-07,-1.1388354437258386e-07,-2.4453444480895996,0.0,0.0,-2.445352911911011,0.00014749999999999984,-2.4653444480895996,-2.465352911911011
560,0.14,-2.591962413589499e-07,-1.922345234106615e-07,-2.4457855224609375,0.0,0.0,-2.4457854119110105,0.0005800000000000002,-2.4657855224609375,-2.4657854119110105
640,0.16,-6.561690497619566e-07,-3.6888550880576076e-07,-2.4464657306671143,0.0,0.0,-2.4464879119110106,0.0012825,-2.4664657306671143,-2.4664879119110106
720,0.18,-1.048843500939256e-06,-5.564639877775335e-07,-2.4473843574523926,0.0,0.0,-2.4474454119110107,0.0022399999999999985,-2.4673843574523926,-2.4674454119110107
800,0.2,-1.430018187420501e-06,-7.383816864603432e-07,-2.448563575744629,0.0,0.0,-2.4486429119110107,0.0034375,-2.468563575744629,-2.4686429119110107
880,0.22,-1.852814989433682e-06,-9.164585890175658e-07,-2.449958324432373,0.0,0.0,-2.4500654119110106,0.00486,-2.469958324432373,-2.4700654119110106
960,0.24,-2.4636826765345177e-06,-1.074404508472071e-06,-2.4515578746795654,0.0,0.0,-2.4516979119110105,0.0064924999999999965,-2.4715578746795654,-2.4716979119110105
1040,0.26,-3.106410758846323e-06,-1.2684546391028562e-06,-2.453350067138672,0.0,0.0,-2.4535254119110106,0.00832,-2.473350067138672,-2.4735254119110106
1120,0.28,-3.854005626635626e-06,-1.5047385204525199e-06,-2.455320119857788,0.0,0.0,-2.4555329119110105,0.010327500000000002,-2.475320119857788,-2.4755329119110105
1200,0.3,-4.613044438883662e-06,-1.7992168750424753e-06,-2.4574475288391113,0.0,0.0,-2.457705411911011,0.012499999999999997,-2.4774475288391113,-2.477705411911011
1280,0.32,-5.855427843926009e-06,-2.7517660328157945e-06,-2.459742546081543,0.0,0.0,-2.460027911911011,0.014822499999999999,-2.479742546081543,-2.480027911911011
1360,0.34,-6.1502364587795455e-06,-3.421917654122808e-06,-2.462221384048462,0.0,0.0,-2.4624854119110107,0.01728,-2.482221384048462,-2.4824854119110107
1440,0.36,-6.979750651225913e-06,-3.5816644867736613e-06,-2.464745283126831,0.0,0.0,-2.465062911911011,0.019857500000000004,-2.484745283126831,-2.485062911911011
1520,0.38,-9.747021977091208e-06,-4.567833912005881e-06,-2.4672248363494873,0.0,0.0,-2.467745411911011,0.022540000000000004,-2.4872248363494873,-2.487745411911011
1600,0.4,-1.1728939171007369e-05,-5.108147433929844e-06,-2.4698452949523926,0.0,0.0,-2.4705179119110108,0.02531250000000001,-2.4898452949523926,-2.490517911911011
1680,0.42,-1.1809774150606245e-05,-4.9526374823472e-06,-2.47251558303833,0.0,0.0,-2.473365411911011,0.02815999999999999,-2.49251558303833,-2.493365411911011
1760,0.44,-1.1644539881672245e-05,-4.533934770734049e-06,-2.47530460357666,0.0,0.0,-2.4762729119110105,0.0310675,-2.49530460357666,-2.4962729119110105
1840,0.46,-1.0534415196161717e-05,-3.7150332445889944e-06,-2.478165626525879,0.0,0.0,-2.4792254119110106,0.034019999999999995,-2.498165626525879,-2.4992254119110107
1920,0.48,-9.128714737016708e-06,-3.325318630231777e-06,-2.4810266494750977,0.0,0.0,-2.4822079119110105,0.037002499999999994,-2.5010266494750977,-2.5022079119110106
2000,0.5,-8.736721611057874e-06,-3.43514602718642e-06,-2.4838876724243164,0.0,0.0,-2.4852054119110107,0.04,-2.5038876724243164,-2.5052054119110108
2080,0.52,-8.654001248942222e-06,-3.5400237266003387e-06,-2.486753225326538,0.0,0.0,-2.4882029119110105,0.04299750000000001,-2.506753225326538,-2.5082029119110105
2160,0.54,-8.570209502067883e-06,-3.944933723687427e-06,-2.4897027015686035,0.0,0.0,-2.491185411911011,0.04598000000000001,-2.5097027015686035,-2.511185411911011
2240,0.56,-9.032518391904887e-06,-3.9559590732096694e-06,-2.4927544593811035,0.0,0.0,-2.4941379119110105,0.048932500000000004,-2.5127544593811035,-2.5141379119110105
2320,0.58,-1.0592727448965888e-05,-2.0937238787155366e-06,-2.4956631660461426,0.0,0.0,-2.4970454119110106,0.051840000000000004,-2.5156631660461426,-2.5170454119110106
2400,0.6,-1.702666668279562e-05,-1.6831244238346699e-06,-2.4979660511016846,0.0,0.0,-2.4998929119110107,0.0546875,-2.5179660511016846,-2.5198929119110107
2480,0.62,-2.380614932917524e-05,-2.0510831291176146e-06,-2.500236988067627,0.0,0.0,-2.5026654119110106,0.057460000000000004,-2.520236988067627,-2.5226654119110106
2560,0.64,-2.875492282328196e-05,-2.7845164822792867e-06,-2.502476215362549,0.0,0.0,-2.5053479119110107,0.06014250000000001,-2.522476215362549,-2.5253479119110107
2640,0.66,-3.162234861520119e-05,-3.6931803606421454e-06,-2.504765033721924,0.0,0.0,-2.507925411911011,0.06272000000000001,-2.524765033721924,-2.527925411911011
2720,0.68,-3.2707022910472006e-05,-4.161708602623548e-06,-2.507053852081299,0.0,0.0,-2.5103829119110106,0.0651775,-2.527053852081299,-2.5303829119110106
2800,0.7000000000000001,-3.3656968298600987e-05,-4.5307101572689135e-06,-2.5092709064483643,0.0,0.0,-2.5127054119110106,0.06750000000000002,-2.5292709064483643,-2.5327054119110106
2880,0.72,-3.388673212612048e-05,-3.7937361412332393e-06,-2.5113308429718018,0.0,0.0,-2.5148779119110105,0.0696725,-2.5313308429718018,-2.5348779119110105
2960,0.74,-3.36159864673391e-05,-3.188610662618885e-06,-2.513218402862549,0.0,0.0,-2.516885411911011,0.07168,-2.533218402862549,-2.536885411911011
3040,0.76,-3.333244603709318e-05,-2.6760512810142245e-06,-2.5149283409118652,0.0,0.0,-2.5187129119110105,0.0735075,-2.5349283409118653,-2.5387129119110106
3120,0.78,-3.0926239560358226e-05,1.063221020558558e-06,-2.5163161754608154,0.0,0.0,-2.520345411911011,0.07514,-2.5363161754608154,-2.540345411911011
3200,0.8,-2.939586374850478e-05,-7.323389894509091e-08,-2.5172064304351807,0.0,0.0,-2.521767911911011,0.0765625,-2.5372064304351807,-2.541767911911011
3280,0.8200000000000001,-2.8463939088396728e-05,-5.03122635109321e-07,-2.5179693698883057,0.0,0.0,-2.5229654119110108,0.07776,-2.5379693698883057,-2.5429654119110108
3360,0.84,-2.781885450531263e-05,-5.727767415919516e-07,-2.518547296524048,0.0,0.0,-2.5239229119110105,0.0787175,-2.538547296524048,-2.5439229119110105
3440,0.86,-2.743097320490051e-05,-5.883235871806392e-07,-2.518991470336914,0.0,0.0,-2.5246254119110105,0.07942,-2.538991470336914,-2.5446254119110105
3520,0.88,-2.718956966418773e-05,-5.965404739072255e-07,-2.519287586212158,0.0,0.0,-2.5250579119110106,0.07985249999999999,-2.539287586212158,-2.5450579119110106
3600,0.9,-2.714697075134609e-05,-6.875500275782542e-07,-2.5194220542907715,0.0,0.0,-2.5252054119110108,0.08,-2.5394220542907715,-2.545205411911011
3680,0.92,-2.7096079065813683e-05,-8.781477731645282e-07,-2.5194220542907715,0.0,0.0,-2.5252054119110108,0.08,-2.5394220542907715,-2.545205411911011
3760,0.9400000000000001,-2.6995709049515426e-05,-1.1347941608619294e-06,-2.5194268226623535,0.0,0.0,-2.5252054119110108,0.08,-2.5394268226623535,-2.545205411911011
3840,0.96,-2.6945226636598818e-05,-1.503697490079503e-06,-2.519455671310425,0.0,0.0,-2.5252054119110108,0.08,-2.539455671310425,-2.545205411911011
3920,0.98,-2.6857287593884394e-05,-1.9540602806955576e-06,-2.519481897354126,0.0,0.0,-2.5252054119110108,0.08,-2.539481897354126,-2.545205411911011
4000,1.0,-2.681003934412729e-05,-2.3841434995119926e-06,-2.519505739212036,0.0,0.0,-2.5252054119110108,0.08,-2.539505739212036,-2.545205411911011
4080,1.02,-2.6831263312487863e-05,-2.8525516881927615e-06,-2.5195279121398926,0.0,0.0,-2.5252054119110108,0.08,-2.5395279121398926,-2.545205411911011
4160,1.04,-2.6860601792577654e-05,-3.351019813635503e-06,-2.5195486545562744,0.0,0.0,-2.5252054119110108,0.08,-2.5395486545562744,-2.545205411911011
4240,1.06,-2.690455767151434e-05,-3.845815626846161e-06,-2.519568681716919,0.0,0.0,-2.5252054119110108,0.08,-2.539568681716919,-2.545205411911011
4320,1.08,-2.6999754481948912e-05,-4.309198629925959e-06,-2.519587278366089,0.0,0.0,-2.5252054119110108,0.08,-2.539587278366089,-2.545205411911011
4400,1.1,-2.7111671442980878e-05,-4.746274498756975e-06,-2.519604444503784,0.0,0.0,-2.5252054119110108,0.08,-2.539604444503784,-2.545205411911011
4480,1.12,-2.7214930014451966e-05,-5.152614903636277e-06,-2.5196211338043213,0.0,0.0,-2.5252054119110108,0.08,-2.5396211338043213,-2.545205411911011
4560,1.1400000000000001,-2.7321164452587254e-05,-5.523371783056064e-06,-2.519636869430542,0.0,0.0,-2.5252054119110108,0.08,-2.539636869430542,-2.545205411911011
4640,1.16,-2.741709613474086e-05,-5.866825176781276e-06,-2.5196516513824463,0.0,0.0,-2.5252054119110108,0.08,-2.5396516513824463,-2.545205411911011
4720,1.18,-2.750268868112471e-05,-6.181673143146327e-06,-2.5196657180786133,0.0,0.0,-2.5252054119110108,0.08,-2.5396657180786133,-2.545205411911011
4800,1.2,-2.759239578153938e-05,-6.486537586170016e-06,-2.519679307937622,0.0,0.0,-2.5252054119110108,0.08,-2.539679307937622,-2.545205411911011
4880,1.22,-2.7687003239407204e-05,-6.800226401537657e-06,-2.5196917057037354,0.0,0.0,-2.5252054119110108,0.08,-2.5396917057037354,-2.545205411911011
4960,1.24,-2.7768652216764167e-05,-7.112625098670833e-06,-2.5197036266326904,0.0,0.0,-2.5252054119110108,0.08,-2.5397036266326904,-2.545205411911011
5040,1.26,-2.7848816898767836e-05,-7.420640486088814e-06,-2.5197150707244873,0.0,0.0,-2.5252054119110108,0.08,-2.5397150707244873,-2.545205411911011
5120,1.28,-2.7944477551500313e-05,-7.713702871114947e-06,-2.5197255611419678,0.0,0.0,-2.5252054119110108,0.08,-2.539725561141968,-2.545205411911011
5200,1.3,-2.8051006665918976e-05,-7.97631400928367e-06,-2.519735097885132,0.0,0.0,-2.5252054119110108,0.08,-2.539735097885132,-2.545205411911011
5280,1.32,-2.814822619257029e-05,-8.20629793452099e-06,-2.519744634628296,0.0,0.0,-2.5252054119110108,0.08,-2.539744634628296,-2.545205411911011
5360,1.34,-2.824347211571876e-05,-8.414747753704432e-06,-2.5197536945343018,0.0,0.0,-2.5252054119110108,0.08,-2.5397536945343018,-2.545205411911011
5440,1.36,-2.833166581694968e-05,-8.603729838796426e-06,-2.519761800765991,0.0,0.0,-2.5252054119110108,0.08,-2.5397618007659912,-2.545205411911011
5520,1.3800000000000001,-2.841025525412988e-05,-8.775877176958602e-06,-2.5197694301605225,0.0,0.0,-2.5252054119110108,0.08,-2.5397694301605225,-2.545205411911011
5600,1.4000000000000001,-2.8482261768658645e-05,-8.943015927798115e-06,-2.5197770595550537,0.0,0.0,-2.5252054119110108,0.08,-2.5397770595550537,-2.545205411911011
5680,1.42,-2.85562637145631e-05,-9.106875950237736e-06,-2.5197837352752686,0.0,0.0,-2.5252054119110108,0.08,-2.5397837352752686,-2.545205411911011
5760,1.44,-2.863361623894889e-05,-9.263308129447978e-06,-2.5197904109954834,0.0,0.0,-2.5252054119110108,0.08,-2.5397904109954834,-2.545205411911011
5840,1.46,-2.870989374059718e-05,-9.411468454345595e-06,-2.51979660987854,0.0,0.0,-2.5252054119110108,0.08,-2.53979660987854,-2.545205411911011
5920,1.48,-2.8784701498807408e-05,-9.55610812525265e-06,-2.5198023319244385,0.0,0.0,-2.5252054119110108,0.08,-2.5398023319244385,-2.545205411911011
6000,1.5,-2.886120455514174e-05,-9.701935596240219e-06,-2.5198075771331787,0.0,0.0,-2.5252054119110108,0.08,-2.5398075771331787,-2.545205411911011
6080,1.52,-2.8938016839674674e-05,-9.855316420726012e-06,-2.51981258392334,0.0,0.0,-2.5252054119110108,0.08,-2.53981258392334,-2.545205411911011
6160,1.54,-2.9009701393079013e-05,-1.0016252417699434e-05,-2.519817352294922,0.0,0.0,-2.5252054119110108,0.08,-2.539817352294922,-2.545205411911011
6240,1.56,-2.9074251870042644e-05,-1.0173339433094952e-05,-2.519821882247925,0.0,0.0,-2.5252054119110108,0.08,-2.539821882247925,-2.545205411911011
6320,1.58,-2.9138478566892445e-05,-1.0320403816876933e-05,-2.5198259353637695,0.0,0.0,-2.5252054119110108,0.08,-2.5398259353637695,-2.545205411911011
6400,1.6,-2.9203305530245416e-05,-1.0460593330208212e-05,-2.5198299884796143,0.0,0.0,-2.5252054119110108,0.08,-2.5398299884796143,-2.545205411911011
