label,state,objective_mm,loaded_rmse_mm,residual_footprint_rmse_mm,chrono_max_depression_mm,chrono_mean_depression_mm,chrono_footprint_max_depression_mm,chrono_footprint_mean_depression_mm,chrono_depression_volume_cm3,chrono_depression_centroid_x_mm,chrono_depression_centroid_y_mm,newton_max_depression_mm,newton_mean_depression_mm,newton_footprint_max_depression_mm,newton_footprint_mean_depression_mm,newton_depression_volume_cm3,newton_depression_centroid_x_mm,newton_depression_centroid_y_mm,error_max_depression_mm,error_mean_depression_mm,error_footprint_max_depression_mm,error_footprint_mean_depression_mm,error_depression_volume_cm3,error_depression_centroid_x_mm,error_depression_centroid_y_mm
C0,loaded,11.610819958150387,3.5025542601943016,16.21653139591217,22.169562056660652,0.9397434806068768,22.169562056660652,19.00801914612615,319.8099221335724,-0.02482065322741711,4.9631231359900445,3.525459731463343,0.16511688938106056,3.525459731463343,3.2305714941028656,54.35436538828072,-0.008428838039757176,5.13326117101255,-18.64410232519731,-0.7746265912258163,-18.64410232519731,-15.777447652023284,-265.4555567452917,0.016391815187659933,0.17013803502250546
C0,residual,11.610819958150387,3.5025542601943016,16.21653139591217,22.169562056660652,0.9397434806068768,22.169562056660652,19.00801914612615,319.8099221335724,-0.02482065322741711,4.9631231359900445,3.1385871407110244,0.14805651731157357,3.1385871407110244,2.8937043053724905,48.68657493789215,-0.000518683526606163,5.224412662974956,-19.030974915949628,-0.7916869632953033,-19.030974915949628,-16.114314840753657,-271.12334719568025,0.024301969700810947,0.26128952698491137
C1,loaded,8.815056877210736,2.6410750579088926,12.347963638603687,22.169562056660652,0.9397434806068768,22.169562056660652,19.00801914612615,319.8099221335724,-0.02482065322741711,4.9631231359900445,23.36473629111424,0.41859825665107736,23.36473629111424,7.7340681238441045,130.12569618367706,-0.032325226038848826,4.37575112872132,1.1951742344535887,-0.5211452239557994,1.1951742344535887,-11.273951022282045,-189.68422594989534,-0.0075045728114317145,-0.5873720072687245
C1,residual,8.815056877210736,2.6410750579088926,12.347963638603687,22.169562056660652,0.9397434806068768,22.169562056660652,19.00801914612615,319.8099221335724,-0.02482065322741711,4.9631231359900445,23.14269036287442,0.3927378452721154,23.14269036287442,7.184372504629585,120.87706739039278,-0.00011554925970404856,4.421470351364213,0.9731283062137663,-0.5470056353347614,0.9731283062137663,-11.823646641496563,-198.93285474317963,0.02470510396771306,-0.5416527846258319
C2,loaded,9.925463935360312,2.9561573173850775,13.93861323595047,22.169562056660652,0.9397434806068768,22.169562056660652,19.00801914612615,319.8099221335724,-0.02482065322741711,4.9631231359900445,27.018901135306805,0.35632373497645925,27.018901135306805,6.54229168695561,110.07405763302813,-0.001410619809626839,4.764688331734807,4.849339078646153,-0.5834197456304175,4.849339078646153,-12.465727459170537,-209.73586450054427,0.02341003341779027,-0.1984348042552373
C2,residual,9.925463935360312,2.9561573173850775,13.93861323595047,22.169562056660652,0.9397434806068768,22.169562056660652,19.00801914612615,319.8099221335724,-0.02482065322741711,4.9631231359900445,22.25262689171359,0.32581723888968156,22.25262689171359,5.976758744693216,100.55896587946336,0.0002419354588084028,4.456340457813947,0.08306483505293727,-0.6139262417171953,0.08306483505293727,-13.031260401432933,-219.25095625410904,0.025062588686225514,-0.5067826781760978
C3,loaded,11.610401095822453,3.50245856679976,16.215885058045387,22.169562056660652,0.9397434806068768,22.169562056660652,19.00801914612615,319.8099221335724,-0.02482065322741711,4.9631231359900445,3.5249393549747765,0.16517810646970563,3.5249393549747765,3.230987077428064,54.361357577727176,0.0007619060428969471,5.139308368734309,-18.644622701685876,-0.7745653741371712,-18.644622701685876,-15.777032068698084,-265.4485645558452,0.025582559270314057,0.17618523274426412
C3,residual,11.610401095822453,3.50245856679976,16.215885058045387,22.169562056660652,0.9397434806068768,22.169562056660652,19.00801914612615,319.8099221335724,-0.02482065322741711,4.9631231359900445,3.1339931301772594,0.14812530116389866,3.1339931301772594,2.8943975923450065,48.698239491204724,-0.00018816986410614606,5.2228795955111424,-19.035568926483393,-0.7916181794429782,-19.035568926483393,-16.113621553781144,-271.11168264236767,0.024632483363310965,0.25975645952109794
C4,loaded,12.697747675701976,3.8501571398228407,17.69518107175827,22.169562056660652,0.9397434806068768,22.169562056660652,19.00801914612615,319.8099221335724,-0.02482065322741711,4.9631231359900445,1.8381219706498086,0.09239212965876228,1.8381219706498086,1.6498846396922175,27.759309062821558,0.00192263230768077,4.9832513617144985,-20.331440086010844,-0.8473513509481145,-20.331440086010844,-17.35813450643393,-292.05061307075084,0.02674328553509788,0.02012822572445394
C4,residual,12.697747675701976,3.8501571398228407,17.69518107175827,22.169562056660652,0.9397434806068768,22.169562056660652,19.00801914612615,319.8099221335724,-0.02482065322741711,4.9631231359900445,1.6899409965844825,0.07951605172161162,1.6899409965844825,1.4288457460202593,24.04032967679086,-0.0028679002013468433,4.845147657782655,-20.47962106007617,-0.8602274288852653,-20.47962106007617,-17.57917340010589,-295.76959245678154,0.02195275302607027,-0.11797547820738963
C5,loaded,11.93839288316667,3.6077031400054693,16.661379486322403,22.169562056660652,0.9397434806068768,22.169562056660652,19.00801914612615,319.8099221335724,-0.02482065322741711,4.9631231359900445,2.9258051654323936,0.1419504607978345,2.9258051654323936,2.748847935527956,46.24936651525787,0.0001327845055669799,5.108226501221228,-19.24375689122826,-0.7977930198090424,-19.24375689122826,-16.259171210598193,-273.56055561831454,0.024953437732984092,0.14510336523118372
C5,residual,11.93839288316667,3.6077031400054693,16.661379486322403,22.169562056660652,0.9397434806068768,22.169562056660652,19.00801914612615,319.8099221335724,-0.02482065322741711,4.9631231359900445,2.6767873496282846,0.12662561648272028,2.6767873496282846,2.4529787806764984,41.27136798488208,-0.0004711448625467566,5.068152133530397,-19.492774707032368,-0.8131178641241565,-19.492774707032368,-16.55504036544965,-278.5385541486903,0.024349508364870355,0.10502899754035244
C6,loaded,11.074942769482732,3.3258285839110613,15.498228371143341,22.169562056660652,0.9397434806068768,22.169562056660652,19.00801914612615,319.8099221335724,-0.02482065322741711,4.9631231359900445,12.236473121447489,0.21292951263080703,12.236473121447489,4.112800122987698,69.19786206926801,-0.0012594877231901656,6.192091659720918,-9.933088935213163,-0.7268139679760698,-9.933088935213163,-14.89521902313845,-250.6120600643044,0.023561165504226947,1.2289685237308738
C6,residual,11.074942769482732,3.3258285839110613,15.498228371143341,22.169562056660652,0.9397434806068768,22.169562056660652,19.00801914612615,319.8099221335724,-0.02482065322741711,4.9631231359900445,12.081827939255163,0.19061599727755538,12.081827939255163,3.7248323218399495,62.67030381495716,0.006446078147015395,6.448206874870215,-10.087734117405489,-0.7491274833293214,-10.087734117405489,-15.283186824286199,-257.13961831861525,0.031266731374432505,1.4850837388801708
C7,loaded,10.781217366456985,3.2573635689914227,15.047707594931126,22.169562056660652,0.9397434806068768,22.169562056660652,19.00801914612615,319.8099221335724,-0.02482065322741711,4.9631231359900445,12.295107240788639,0.2410736483886502,12.295107240788639,4.653125871061092,78.28884278060286,-0.09467683973880238,4.535147619590684,-9.874454815872014,-0.6986698322182266,-9.874454815872014,-14.354893275065056,-241.52107935296954,-0.06985618651138527,-0.4279755163993606
C7,residual,10.781217366456985,3.2573635689914227,15.047707594931126,22.169562056660652,0.9397434806068768,22.169562056660652,19.00801914612615,319.8099221335724,-0.02482065322741711,4.9631231359900445,12.187546002678573,0.22586595859073025,12.187546002678573,4.3820455273108925,73.72791599700577,-0.09096813586384486,4.7109557929521495,-9.982016053982079,-0.7138775220161466,-9.982016053982079,-14.625973618815255,-246.08200613656663,-0.06614748263642775,-0.252167343037895
