label,state,surface_term,volume_term,peak_term,centroid_term,multicharacteristic_score
C0,loaded,3.5025542601943016,2.654555567452917,1.864410232519731,0.03418516787524419,4.640842002156274
C0,residual,16.21653139591217,2.7112334719568025,1.9030974915949628,0.05248344601618223,17.383234998304157
C1,loaded,2.6410750579088926,1.8968422594989534,0.11951742344535887,0.11748398929828227,3.1745359759695413
C1,residual,12.347963638603687,1.9893285474317963,0.09731283062137663,0.10844317982334775,12.896734778072817
C2,loaded,2.9561573173850775,2.0973586450054427,0.4849339078646153,0.03996218272538996,3.6117210012839394
C2,residual,13.93861323595047,2.1925095625410904,0.008306483505293727,0.10148040525165303,14.514187348774978
C3,loaded,3.50245856679976,2.6544856455584522,1.8644622701685876,0.03560657443561212,4.641097189340423
C3,residual,16.215885058045387,2.7111168264236767,1.9035568926483393,0.05218435685129389,17.382599577026216
C4,loaded,3.8501571398228407,2.9205061307075084,2.0331440086010844,0.006694322346664656,5.090243255236655
C4,residual,17.69518107175827,2.9576959245678154,2.047962106007617,0.02400011401946741,18.952595607906996
C5,loaded,3.6077031400054693,2.7356055561831454,1.9243756891228259,0.029446670885591268,4.78006011905336
C5,residual,16.661379486322403,2.785385541486903,1.9492774707032368,0.021562920842912028,17.850435969580666
C6,loaded,3.3258285839110613,2.506120600643044,0.9933088935213163,0.24583887087612172,4.2621456751711815
C6,residual,15.498228371143341,2.5713961831861525,1.008773411740549,0.29708256899233576,16.4675414121231
C7,loaded,3.2573635689914227,2.4152107935296954,0.9874454815872014,0.08672783392457414,4.12970959625179
C7,residual,15.047707594931126,2.4608200613656663,0.9982016053982079,0.05213975771095525,15.925497951049833
